Sample_ID,Fish_sex,Fish_sex_confirmed,Survey_date,Period,Date_read,Reader,Bad_slide,Certainty,ATRESIA,Atresia_scale,Parasite,Inflamation,Stage_1,Stage_2,Stage_3,Stage_4_1,Stage_4_2,Stage_5,Stage_6,Stage_7,Stage_8,Stage_9,Stage_10,Stage_11,Max_stage,Biological_maturity,Functional_maturity,Post_spawn_recovering_resting,Spawning,POFs,gonad_wall_present
231,F,,9/10/2015,2015,10/19/2022,CR,N,1,2,1,N,,1,1,1,1,1,1,0,0,0,0,0,0,5,1,1,,,N,N
232,F,,9/10/2015,2015,10/19/2022,CR,N,0,1,1,N,,1,1,1,0,0,0,0,0,0,0,0,0,3,0,0,,,N,Y
233,F,,9/10/2015,2015,10/19/2022,CR,N,1,2,1,N,5,1,1,1,1,1,1,1,0,0,0,0,0,6,1,1,,,N,N
234,F,,9/10/2015,2015,10/19/2022,CR,N,1,1,1,N,,1,1,1,1,1,1,0,0,0,0,0,0,5,1,1,,,N,Y
235,F,,9/10/2015,2015,10/18/2022,CR,N,0,1,1,N,,1,1,1,0,0,0,0,0,0,0,0,0,3,0,0,,,N,Y
236,F,,9/10/2015,2015,10/18/2022,CR,N,1,1,1,N,,1,1,1,1,1,1,0,0,0,0,0,0,5,1,1,,,N,N
238,F,,9/10/2015,2015,10/18/2022,CR,N,0,0,1,N,,1,1,1,0,0,0,0,0,0,0,0,0,3,0,0,,,N,Y
239,F,,9/10/2015,2015,10/18/2022,CR,N,1,1,1,N,,1,1,1,1,1,1,0,0,0,0,0,0,5,1,1,,,N,Y
240,F,,9/10/2015,2015,10/14/2022,CR,N,1,1,1,N,,1,1,1,1,1,0,0,0,0,0,0,0,4.2,1,1,,,N,Y
241,F,,9/10/2015,2015,10/14/2022,CR,N,1,5,1,N,2,1,1,1,1,1,1,1,0,0,0,0,0,6,1,1,,,N,N
243,F,,9/10/2015,2015,10/14/2022,CR,N,0,1,1,N,,1,1,1,0,0,0,0,0,0,0,0,0,3,0,0,,,N,Y
244,F,,9/10/2015,2015,10/14/2022,CR,N,1,1,1,N,,1,1,1,1,1,1,0,0,0,0,0,0,5,1,1,,,N,Y
247,F,,9/10/2015,2015,10/14/2022,CR,N,1,1,1,Y,,1,1,1,1,1,1,0,0,0,0,0,0,5,1,1,,,N,Y
248,F,,9/10/2015,2015,10/14/2022,CR,N,0,0,1,N,,1,1,1,0,0,0,0,0,0,0,0,0,3,0,0,,,N,Y
249,F,,9/10/2015,2015,10/14/2022,CR,N,0,0,1,N,1,1,1,1,0,0,0,0,0,0,0,0,0,3,0,0,,,N,Y
252,F,,9/17/2015,2015,10/14/2022,CR,N,0,0,1,N,,1,1,1,0,0,0,0,0,0,0,0,0,3,0,0,,,N,Y
254,F,,9/17/2015,2015,10/14/2022,CR,N,0,0,1,N,,1,1,1,0,0,0,0,0,0,0,0,0,3,0,0,,,N,Y
257,F,,9/17/2015,2015,10/14/2022,CR,N,0,0,1,N,,1,1,1,0,0,0,0,0,0,0,0,0,3,0,0,,,N,Y
258,F,,9/17/2015,2015,10/14/2022,CR,N,1,0,1,N,,1,1,1,1,1,1,0,0,0,0,0,0,5,1,1,,,N,N
260,F,,9/17/2015,2015,10/14/2022,CR,N,1,2,1,Y,,1,1,1,1,1,1,0,0,0,0,0,0,5,1,1,,,N,N
266,F,,9/17/2015,2015,10/14/2022,CR,N,1,0,1,N,1,1,1,1,1,1,0,0,0,0,0,0,0,4.2,1,1,,,N,N
267,F,,9/17/2015,2015,10/13/2022,CR,N,1,0,1,N,,1,1,1,1,1,0,0,0,0,0,0,0,4.2,1,1,,,N,N
268,F,,9/17/2015,2015,10/13/2022,CR,N,1,0,1,N,,1,1,1,1,1,0,0,0,0,0,0,0,4.2,1,1,,,N,N
269,F,,9/17/2015,2015,10/13/2022,CR,N,1,1,1,N,,1,1,1,1,1,1,0,0,0,0,0,0,5,1,1,,,N,N
270,F,,9/17/2015,2015,10/13/2022,CR,N,1,1,1,N,,1,1,1,1,0,0,0,0,0,0,0,0,4.1,1,0,,,N,N
271,F,,9/17/2015,2015,10/13/2022,CR,N,1,0,1,N,,1,1,1,1,1,0,0,0,0,0,0,0,4.2,1,1,,,N,N
272,F,,9/17/2015,2015,10/13/2022,CR,N,1,0,1,N,,1,1,1,1,1,0,0,0,0,0,0,0,4.2,1,1,,,N,N
274,F,,9/17/2015,2015,10/12/2022,CR,N,0,0,1,N,,1,1,1,0,0,0,0,0,0,0,0,0,3,0,0,,,N,Y
275,F,,9/17/2015,2015,10/12/2022,CR,N,1,1,1,N,,1,1,1,1,1,0,0,0,0,0,0,0,4.2,1,1,,,N,Y
277,F,,9/22/2015,2015,10/12/2022,CR,N,0,2,1,N,,1,1,1,0,0,0,0,0,0,0,0,0,3,0,0,,,N,Y
280,F,,9/22/2015,2015,10/12/2022,CR,N,1,0,1,N,10,1,1,1,1,1,0,0,0,0,0,0,0,5,1,1,,,N,N
281,F,,9/22/2015,2015,10/12/2022,CR,N,1,1,1,N,,1,1,1,1,1,1,0,0,0,0,0,0,5,1,1,,,N,N
282,F,,9/22/2015,2015,10/12/2022,CR,N,1,1,1,N,,1,1,1,1,1,0,0,0,0,0,0,0,4.2,1,1,,,N,N
288,F,,9/22/2015,2015,10/12/2022,CR,N,1,1,1,N,,1,1,1,0,0,0,0,0,0,0,0,0,3,0,0,,,N,Y
293,F,,9/22/2015,2015,10/12/2022,CR,N,0,1,1,N,,1,1,1,0,0,0,0,0,0,0,0,0,3,0,0,,,N,Y
295,F,,9/22/2015,2015,10/12/2022,CR,N,1,2,1,N,,1,1,1,1,0,0,0,0,0,0,0,0,4.1,1,0,,,N,Y
296,F,,9/22/2015,2015,10/12/2022,CR,N,1,0,1,N,,1,1,1,1,1,0,0,0,0,0,0,0,4.2,1,1,,,N,N
297,F,,9/22/2015,2015,10/12/2022,CR,N,0,0,1,N,,1,1,1,0,0,0,0,0,0,0,0,0,3,0,0,,,N,N
298,F,,9/22/2015,2015,10/12/2022,CR,N,1,1,1,N,,1,1,1,1,1,0,0,0,0,0,0,0,4.2,1,1,,,N,N
299,F,,9/22/2015,2015,10/12/2022,CR,N,0,0,1,N,,1,1,1,0,0,0,0,0,0,0,0,0,3,0,0,,,N,Y
300,F,,9/22/2015,2015,10/12/2022,CR,N,1,1,1,N,,1,1,1,1,0,0,0,0,0,0,0,0,4.1,1,0,,,N,Y
301,F,,9/22/2015,2015,10/12/2022,CR,N,1,1,1,N,,1,1,1,1,1,0,0,0,0,0,0,0,4.2,1,1,,,N,Y
324,F,,10/18/2015,2015,10/12/2022,CR,N,1,0,1,N,,1,1,1,1,1,1,1,0,0,0,0,0,6,1,1,,,N,N
325,F,,10/18/2015,2015,10/12/2022,CR,N,1,1,1,N,,1,1,1,1,1,1,0,0,0,0,0,0,5,1,1,,,N,N
327,F,,10/18/2015,2015,10/12/2022,CR,N,1,1,1,N,,1,1,1,1,1,1,1,0,0,0,0,0,6,1,1,,,N,N
330,F,,10/18/2015,2015,10/12/2022,CR,N,1,0,1,N,,1,1,1,1,1,1,0,0,0,0,0,0,5,1,1,,,N,N
332,F,,10/18/2015,2015,10/12/2022,CR,N,1,1,1,N,,1,1,1,1,1,1,0,0,0,0,0,0,5,1,1,,,N,N
333,F,,10/18/2015,2015,10/12/2022,CR,N,1,0,1,N,,1,1,1,1,1,1,0,0,0,0,0,0,5,1,1,,,N,N
335,F,,10/18/2015,2015,10/12/2022,CR,N,1,1,1,N,,1,1,1,1,1,1,0,0,0,0,0,0,5,1,1,,,N,N
336,F,,10/18/2015,2015,10/12/2022,CR,N,1,0,1,N,,1,1,1,1,1,1,1,0,0,0,0,0,6,1,1,,,N,N
337,F,,10/18/2015,2015,10/12/2022,CR,N,1,1,1,N,,1,1,1,1,1,1,1,0,0,0,0,0,6,1,1,,,N,N
338,F,,10/18/2015,2015,10/12/2022,CR,N,1,1,1,N,,1,1,1,1,1,1,1,0,0,0,0,0,6,1,1,,,N,N
339,F,,10/18/2015,2015,10/12/2022,CR,N,1,1,1,N,,1,1,1,1,0,0,0,0,0,0,0,0,4.1,1,0,,,N,Y
340,F,,10/18/2015,2015,10/12/2022,CR,N,1,1,1,N,,1,1,1,1,1,1,0,0,0,0,0,0,5,1,1,,,N,N
341,F,,10/18/2015,2015,10/11/2022,CR,N,1,1,1,N,,1,1,1,1,0,0,0,0,0,0,0,0,4.1,1,0,,,N,Y
345,F,,10/18/2015,2015,10/11/2022,CR,N,1,0,1,N,,1,1,1,1,1,1,0,0,0,0,0,0,5,1,1,,,N,N
346,F,,10/18/2015,2015,10/11/2022,CR,N,1,0,1,N,,1,1,1,1,1,1,1,0,0,0,0,0,6,1,1,,,N,N
348,F,,10/18/2015,2015,10/11/2022,CR,N,1,2,1,N,,1,1,1,1,1,1,0,0,0,0,0,0,5,1,1,,,N,N
402,F,,10/1/2015,2015,10/11/2022,CR,N,1,1,1,N,,1,1,1,1,0,0,0,0,0,0,0,0,4.1,1,0,,,N,Y
405,F,,10/1/2015,2015,10/11/2022,CR,N,1,0,1,N,2,1,1,1,0,0,0,0,0,0,0,0,0,3,0,0,,,N,Y
406,F,,10/1/2015,2015,10/11/2022,CR,N,1,2,1,N,,1,1,1,1,1,1,1,0,0,0,0,0,6,1,1,,,N,N
407,F,,10/1/2015,2015,10/11/2022,CR,N,1,1,1,N,,1,1,1,1,1,1,1,0,0,0,0,0,6,1,1,,,N,Y
412,F,,10/1/2015,2015,10/11/2022,CR,N,1,1,1,N,,1,1,1,0,0,0,0,0,0,0,0,0,3,0,0,,,N,Y
413,F,,10/1/2015,2015,10/11/2022,CR,N,1,1,1,N,,1,1,1,1,0,0,0,0,0,0,0,0,4.1,1,0,,,N,Y
414,F,,10/1/2015,2015,10/11/2022,CR,N,1,1,1,N,1,1,1,1,1,1,0,0,0,0,0,0,0,4.2,1,1,,,N,Y
415,F,,10/1/2015,2015,10/11/2022,CR,N,1,1,1,Y,2,1,1,1,0,0,0,0,0,0,0,0,0,3,0,0,,,N,N
417,F,,10/1/2015,2015,10/11/2022,CR,N,1,1,1,N,,1,1,1,1,1,0,0,0,0,0,0,0,4.2,1,1,,,N,Y
418,F,,10/1/2015,2015,10/11/2022,CR,N,1,1,1,N,,1,1,1,1,0,0,0,0,0,0,0,0,4.1,1,0,,,N,Y
419,F,,10/1/2015,2015,10/11/2022,CR,N,1,1,1,N,,1,1,1,1,0,0,0,0,0,0,0,0,4.1,1,0,,,N,Y
421,F,,10/1/2015,2015,10/11/2022,CR,N,1,2,1,N,2,1,1,1,1,1,1,1,0,0,0,0,0,6,1,1,,,N,N
424,F,,10/1/2015,2015,10/11/2022,CR,N,1,1,1,N,,1,1,1,0,1,1,1,0,0,0,0,0,6,1,1,,,N,N
427,F,,10/7/2015,2015,10/11/2022,CR,N,1,1,1,N,,1,1,1,0,0,0,0,0,0,0,0,0,3,0,0,,,N,Y
429,F,,10/7/2015,2015,10/11/2022,CR,N,1,1,1,N,,1,1,1,0,0,0,0,0,0,0,0,0,3,0,0,,,N,Y
433,F,,10/7/2015,2015,10/11/2022,CR,N,1,1,1,N,,1,1,1,1,0,0,0,0,0,0,0,0,4.1,1,0,,,N,Y
434,F,,10/7/2015,2015,10/11/2022,CR,N,1,1,1,N,,1,1,1,0,0,0,0,0,0,0,0,0,3,0,0,,,N,Y
435,F,,10/7/2015,2015,10/11/2022,CR,N,1,1,1,N,,1,1,1,0,0,0,0,0,0,0,0,0,3,0,0,,,N,N
438,F,,10/7/2015,2015,10/11/2022,CR,N,1,2,1,N,,1,1,1,1,1,0,0,0,0,0,0,0,4.2,1,1,,,N,Y
441,F,,10/7/2015,2015,10/11/2022,CR,N,1,1,1,N,,1,1,1,1,0,0,0,0,0,0,0,0,4.1,1,0,,,N,Y
442,F,,10/7/2015,2015,10/11/2022,CR,N,1,2,1,N,,1,1,1,1,1,0,0,0,0,0,0,0,4.2,1,1,,,N,Y
443,F,,10/7/2015,2015,10/11/2022,CR,N,1,1,1,N,,1,1,1,1,1,1,0,0,0,0,0,0,5,1,1,,,N,Y
445,F,,10/7/2015,2015,10/11/2022,CR,N,1,1,1,N,,1,1,1,1,1,0,0,0,0,0,0,0,4.2,1,1,,,N,Y
446,F,,10/7/2015,2015,10/11/2022,CR,N,1,1,1,N,,1,1,1,1,0,0,0,0,0,0,0,0,4.1,1,0,,,N,Y
450,F,,10/7/2015,2015,10/10/2022,CR,N,1,1,1,N,,1,1,1,1,1,0,0,0,0,0,0,0,4.2,1,1,,,N,N
454,F,,11/21/2015,2015,10/7/2022,CR,N,1,0,1,N,,1,1,1,0,0,1,1,0,0,0,0,0,6,1,1,,,N,N
455,F,,11/21/2015,2015,10/7/2022,CR,N,1,2,1,N,,1,1,1,0,1,1,1,0,0,0,0,0,6,1,1,,,N,N
457,F,,11/21/2015,2015,10/7/2022,CR,N,1,2,1,N,,1,1,1,0,0,0,1,1,1,0,0,0,8,1,1,,,N,N
460,F,,11/21/2015,2015,10/7/2022,CR,N,1,10,2,N,,1,1,1,0,0,1,1,0,0,0,0,0,6,1,1,,,N,N
461,F,,11/21/2015,2015,10/7/2022,CR,Y,1,5,2,N,,1,1,1,0,0,0,0,0,0,0,0,0,3,0,0,,,N,N
465,F,,11/21/2015,2015,10/7/2022,CR,Y,1,10,2,N,,1,1,0,0,0,0,1,1,1,0,0,0,8,1,1,,,N,N
466,F,,11/22/2015,2015,11/27/2022,CR,N,1,5,2,N,,1,1,1,0,0,0,0,0,0,0,0,0,3,0,0,,,N,N
467,F,,11/22/2015,2015,11/27/2022,CR,N,1,20,2,N,,1,1,1,0,0,0,0,0,0,0,0,0,3,0,0,,,N,Y
468,F,,11/22/2015,2015,10/7/2022,CR,N,1,1,1,N,,1,1,1,0,1,1,1,0,0,0,0,0,6,1,1,,,N,N
469,F,,11/22/2015,2015,10/10/2022,CR,N,1,10,2,N,,1,1,1,1,1,1,1,0,0,0,0,0,6,1,1,,,N,N
470,F,,11/22/2015,2015,10/10/2022,CR,N,1,2,1,N,,1,1,1,0,0,0,0,0,0,0,0,0,3,0,0,,,N,Y
471,F,,11/22/2015,2015,11/27/2022,CR,N,1,1,1,N,,1,1,1,0,0,0,0,0,0,0,0,0,3,0,0,,,N,Y
699,F,,9/2/2016,2016,10/5/2022,CR,N,1,1,1,N,,1,1,1,1,1,1,0,0,0,0,0,0,5,1,1,,,N,Y
700,F,,9/2/2016,2016,10/5/2022,CR,N,0,1,1,N,,1,1,1,0,0,0,0,0,0,0,0,0,3,0,0,,,N,Y
703,F,,9/2/2016,2016,10/5/2022,CR,N,1,2,1,N,,1,1,1,0,0,0,0,0,0,0,0,0,3,0,0,,,N,Y
706,F,,9/2/2016,2016,10/5/2022,CR,N,1,2,1,N,,1,1,1,1,1,1,0,0,0,0,0,0,5,1,1,,,N,N
707,F,,9/2/2016,2016,10/5/2022,CR,N,1,1,1,N,,1,1,1,0,0,0,0,0,0,0,0,0,3,0,0,,,N,Y
713,F,,9/2/2016,2016,10/5/2022,CR,N,1,1,1,N,,1,1,1,0,0,0,0,0,0,0,0,0,3,0,0,,,N,N
714,F,,9/2/2016,2016,10/5/2022,CR,N,0,1,1,N,,1,1,1,0,0,0,0,0,0,0,0,0,3,0,0,,,N,Y
715,F,,9/2/2016,2016,10/5/2022,CR,N,0,1,1,N,,1,1,1,0,0,0,0,0,0,0,0,0,3,0,0,,,N,Y
716,F,,9/2/2016,2016,10/5/2022,CR,N,1,0,1,N,,1,1,1,0,0,0,0,0,0,0,0,0,3,0,0,,,N,Y
719,F,,9/2/2016,2016,10/5/2022,CR,N,1,1,1,N,1,1,1,1,1,0,0,0,0,0,0,0,0,4.1,1,0,,,N,N
721,F,,9/2/2016,2016,10/5/2022,CR,N,0,2,1,N,,1,1,1,0,0,0,0,0,0,0,0,0,3,0,0,,,N,Y
723,F,,9/9/2016,2016,10/5/2022,CR,N,1,1,1,N,,1,1,1,1,1,1,0,0,0,0,0,0,5,1,1,,,N,N
724,F,,9/9/2016,2016,10/5/2022,CR,N,0,1,1,N,,1,1,1,0,0,0,0,0,0,0,0,0,3,0,0,,,N,Y
725,F,,9/9/2016,2016,10/5/2022,CR,N,1,2,1,Y,2,1,1,1,1,1,1,0,0,0,0,0,0,5,1,1,,,N,Y
726,F,,9/9/2016,2016,10/5/2022,CR,N,1,1,1,N,,1,1,1,1,1,0,0,0,0,0,0,0,4.2,1,1,,,N,Y
729,F,,9/9/2016,2016,10/5/2022,CR,N,1,2,1,N,,1,1,1,1,1,0,0,0,0,0,0,0,4.2,1,1,,,N,N
731,F,,9/9/2016,2016,10/5/2022,CR,N,1,2,1,N,,1,1,1,1,1,1,0,0,0,0,0,0,5,1,1,,,N,N
732,F,,9/9/2016,2016,10/5/2022,CR,N,0,2,1,N,,1,1,1,0,0,0,0,0,0,0,0,0,3,0,0,,,N,Y
738,F,,9/9/2016,2016,10/5/2022,CR,N,1,2,1,N,,1,1,1,0,0,0,0,0,0,0,0,0,3,0,0,,,N,Y
739,F,,9/9/2016,2016,10/4/2022,CR,N,1,1,1,N,,1,1,1,1,1,0,0,0,0,0,0,0,4.2,1,1,,,N,Y
740,F,,9/9/2016,2016,10/4/2022,CR,Y,1,0,1,N,,1,1,1,0,0,0,0,0,0,0,0,0,3,0,0,,,N,Y
741,F,,9/9/2016,2016,10/4/2022,CR,N,1,1,1,N,,1,1,1,0,0,0,0,0,0,0,0,0,3,0,0,,,N,Y
742,F,,9/9/2016,2016,10/4/2022,CR,N,1,0,1,N,,1,1,1,0,0,0,0,0,0,0,0,0,3,0,0,,,N,Y
743,F,,9/9/2016,2016,10/4/2022,CR,N,1,0,1,N,,1,1,1,0,0,0,0,0,0,0,0,0,3,0,0,,,N,Y
750,F,,9/16/2016,2016,10/4/2022,CR,N,1,2,1,N,,1,1,1,1,1,1,1,0,0,0,0,0,6,1,1,,,N,Y
752,U,FEMALE,9/16/2016,2016,2/3/2023,CR,N,1,0,1,N,,1,1,1,1,1,0,0,0,0,0,0,0,4.2,1,1,,,N,Y
753,U,FEMALE,9/16/2016,2016,2/3/2023,CR,N,1,0,1,N,,1,1,1,1,1,1,0,0,0,0,0,0,5,1,1,,,N,Y
755,F,,9/16/2016,2016,2/3/2023,CR,N,0,0,1,N,,1,1,1,0,0,0,0,0,0,0,0,0,3,0,0,,,N,N
758,F,,9/16/2016,2016,10/4/2022,CR,N,1,2,1,N,,1,1,1,1,1,0,0,0,0,0,0,0,4.2,1,1,,,N,Y
759,F,,9/16/2016,2016,10/4/2022,CR,N,0,1,1,N,,1,1,1,0,0,0,0,0,0,0,0,0,3,0,0,,,N,N
760,F,,9/16/2016,2016,10/4/2022,CR,N,1,2,1,N,,1,1,1,1,1,1,0,0,0,0,0,0,5,1,1,,,N,Y
761,F,,9/16/2016,2016,10/4/2022,CR,N,1,0,1,N,,1,1,1,1,1,0,0,0,0,0,0,0,4.2,1,1,,,N,Y
762,F,,9/16/2016,2016,10/4/2022,CR,N,1,0,1,N,,1,1,1,1,1,1,1,0,0,0,0,0,6,1,1,,,N,N
765,F,,9/16/2016,2016,2/3/2023,CR,N,1,0,1,N,,1,1,1,1,1,1,0,0,0,0,0,0,5,1,1,,,N,Y
766,F,,9/16/2016,2016,10/4/2022,CR,N,1,2,1,N,,1,1,1,1,1,0,0,0,0,0,0,0,4.2,1,1,,,N,Y
770,F,,9/16/2016,2016,10/4/2022,CR,N,1,1,1,N,,1,1,1,1,1,1,0,0,0,0,0,0,5,1,1,,,N,Y
771,F,,9/16/2016,2016,10/4/2022,CR,N,1,0,1,N,,1,1,1,0,0,0,0,0,0,0,0,0,3,0,0,,,N,Y
772,F,,9/16/2016,2016,10/4/2022,CR,N,1,1,1,N,,1,1,1,1,0,0,0,0,0,0,0,0,4.1,1,0,,,N,Y
775,F,,9/22/2016,2016,10/4/2022,CR,N,0,1,1,N,,1,1,1,0,0,0,0,0,0,0,0,0,3,0,0,,,N,Y
776,F,,9/22/2016,2016,10/4/2022,CR,N,0,99,5,N,,1,1,1,0,0,0,0,0,0,0,0,0,3,0,0,,,N,Y
778,F,,9/22/2016,2016,10/4/2022,CR,N,1,1,1,N,,1,1,1,1,1,1,1,0,0,0,0,0,6,1,1,,,N,N
779,F,,9/22/2016,2016,10/4/2022,CR,N,1,1,1,N,,1,1,1,1,1,1,1,0,0,0,0,0,6,1,1,,,N,N
781,F,,9/22/2016,2016,10/4/2022,CR,N,1,2,1,N,,1,1,1,1,1,1,0,0,0,0,0,0,5,1,1,,,N,Y
787,F,,9/22/2016,2016,10/4/2022,CR,N,1,0,1,N,,1,1,1,1,1,1,0,0,0,0,0,0,5,1,1,,,N,N
791,F,,9/22/2016,2016,10/4/2022,CR,N,0,1,1,N,,1,1,1,0,0,0,0,0,0,0,0,0,3,0,0,,,N,Y
792,F,,9/22/2016,2016,10/4/2022,CR,N,0,0,1,N,,1,1,1,0,0,0,0,0,0,0,0,0,3,0,0,,,N,N
793,F,,9/22/2016,2016,10/3/2022,CR,N,1,1,1,Y,20,1,1,1,0,0,0,0,0,0,0,0,0,3,0,0,,,N,N
794,F,,9/22/2016,2016,10/3/2022,CR,N,1,1,1,N,,1,1,1,0,0,0,0,0,0,0,0,0,3,0,0,,,N,Y
795,F,,9/22/2016,2016,9/30/2022,CR,N,1,1,1,N,,1,1,1,1,1,0,0,0,0,0,0,0,4.2,1,1,,,N,N
796,F,,9/22/2016,2016,9/30/2022,CR,N,1,1,1,N,,1,1,1,1,0,0,0,0,0,0,0,0,4.1,1,0,,,N,N
797,F,,9/22/2016,2016,9/30/2022,CR,N,0,1,1,N,,1,1,1,0,0,0,0,0,0,0,0,0,3,0,0,,,N,N
798,F,,10/2/2016,2016,2/3/2023,CR,N,1,1,1,N,,1,1,1,1,1,1,0,0,0,0,0,0,5,1,1,,,N,N
799,F,,10/2/2016,2016,9/30/2022,CR,N,1,0,1,N,,1,1,1,1,1,0,0,0,0,0,0,0,4.2,1,1,,,N,Y
801,F,,10/2/2016,2016,9/30/2022,CR,N,1,0,1,N,,1,1,1,1,1,1,0,0,0,0,0,0,5,1,1,,,N,N
802,F,,10/2/2016,2016,9/27/2022,CR,N,1,1,1,N,,1,1,1,1,1,1,1,0,0,0,0,0,6,1,1,,,N,N
804,F,,10/2/2016,2016,9/27/2022,CR,N,1,1,1,N,,1,1,1,1,1,1,1,0,0,0,0,0,6,1,1,,,N,Y
805,F,,10/2/2016,2016,9/27/2022,CR,N,1,1,1,N,,1,1,1,1,1,1,0,0,0,0,0,0,5,1,1,,,N,N
807,F,,10/2/2016,2016,9/27/2022,CR,N,1,1,1,N,,1,1,1,1,1,1,0,0,0,0,0,0,5,1,1,,,N,N
809,F,,10/2/2016,2016,9/27/2022,CR,N,0,1,1,N,,1,1,1,0,0,0,0,0,0,0,0,0,3,0,0,,,N,Y
811,F,,10/2/2016,2016,9/27/2022,CR,N,1,1,1,N,,1,1,1,1,1,1,0,0,0,0,0,0,5,1,1,,,N,N
812,F,,10/2/2016,2016,9/27/2022,CR,N,1,0,1,N,,1,1,1,1,1,1,1,0,0,0,0,0,6,1,1,,,N,Y
813,F,,10/2/2016,2016,9/27/2022,CR,N,1,1,1,N,,1,1,1,1,1,1,0,0,0,0,0,0,5,1,1,,,N,N
816,F,,10/2/2016,2016,9/27/2022,CR,N,0,10,2,N,,1,1,1,0,0,0,0,0,0,0,0,0,3,0,0,,,N,N
818,F,,10/2/2016,2016,9/13/2022,CR,N,1,1,1,N,,1,1,1,1,1,1,0,0,0,0,0,0,5,1,1,,,N,N
819,F,,10/2/2016,2016,9/13/2022,CR,N,1,2,1,N,,1,1,1,1,1,1,0,0,0,0,0,0,5,1,1,,,N,Y
826,F,,10/9/2016,2016,9/13/2022,CR,N,1,1,1,N,,1,1,1,1,1,1,0,0,0,0,0,0,5,1,1,,,N,N
830,F,,10/9/2016,2016,9/13/2022,CR,N,0,4,1,N,,1,1,1,0,0,0,0,0,0,0,0,0,3,0,0,,,N,N
831,F,,10/9/2016,2016,9/13/2022,CR,N,1,0,1,N,,1,1,1,1,1,1,1,0,0,0,0,0,6,1,1,,,N,N
832,F,,10/9/2016,2016,9/13/2022,CR,N,1,2,1,N,,1,1,1,1,1,1,1,0,0,0,0,0,6,1,1,,,N,Y
833,F,,10/9/2016,2016,9/13/2022,CR,N,1,5,2,N,,1,1,1,1,1,1,1,1,0,0,0,0,7,1,1,,,Y,N
834,F,,10/9/2016,2016,9/13/2022,CR,N,1,2,1,N,,1,1,1,0,0,0,0,0,0,0,0,0,3,0,0,,,N,N
839,F,,10/9/2016,2016,9/13/2022,CR,N,1,1,1,Y,10,1,1,1,1,1,1,1,0,0,0,0,0,6,1,1,,,N,N
840,F,,10/9/2016,2016,9/13/2022,CR,N,0,4,1,N,,1,1,1,0,0,0,0,0,0,0,0,0,3,0,0,,,N,N
841,F,,10/9/2016,2016,9/13/2022,CR,N,1,2,1,Y,1,1,1,1,1,1,0,0,0,0,0,0,0,4.2,1,1,,,N,N
842,F,,10/9/2016,2016,9/13/2022,CR,N,1,2,1,N,,1,1,1,0,0,0,0,0,0,0,0,0,3,0,0,,,N,Y
843,F,,10/9/2016,2016,9/13/2022,CR,N,1,1,1,N,,1,1,1,0,0,0,0,0,0,0,0,0,3,0,0,,,N,Y
844,F,,10/9/2016,2016,9/13/2022,CR,N,1,5,2,N,,1,1,1,1,1,1,1,0,0,0,0,0,6,1,1,,,N,N
852,F,,10/21/2016,2016,2/3/2023,CR,N,1,1,1,N,,1,1,1,1,1,1,0,0,0,0,0,0,5,1,1,,,N,Y
853,F,,10/21/2016,2016,9/12/2022,CR,N,1,5,2,N,,1,1,1,1,1,1,0,0,0,0,0,0,5,1,1,,,N,N
855,F,,10/21/2016,2016,9/12/2022,CR,N,1,2,1,N,,1,1,1,1,1,0,0,0,0,0,0,0,4.2,1,1,,,N,Y
860,F,,10/21/2016,2016,9/12/2022,CR,N,1,2,1,N,1,1,1,1,1,1,1,1,0,0,0,0,0,6,1,1,,,N,Y
861,F,,10/21/2016,2016,9/12/2022,CR,N,1,4,1,N,,1,1,1,1,1,1,1,0,0,0,0,0,6,1,1,,,N,N
862,F,,10/21/2016,2016,9/12/2022,CR,N,1,2,1,N,,1,1,1,0,0,0,0,0,0,0,0,0,3,0,0,,,N,N
863,F,,10/21/2016,2016,9/12/2022,CR,N,1,1,1,N,,1,1,1,1,1,1,1,0,0,0,0,0,6,1,1,,,N,Y
864,F,,10/21/2016,2016,9/12/2022,CR,N,1,1,1,N,,1,1,1,1,1,1,1,1,0,0,0,0,7,1,1,,,N,N
868,F,,10/21/2016,2016,9/12/2022,CR,N,1,1,1,N,,1,1,1,1,1,1,1,0,0,0,0,0,6,1,1,,,N,Y
870,F,,10/21/2016,2016,9/12/2022,CR,N,1,95,5,N,2,1,1,1,1,0,0,0,0,0,0,0,0,4.1,1,0,,,N,Y
871,F,,10/21/2016,2016,9/12/2022,CR,N,1,70,4,N,,1,1,1,0,0,0,0,0,0,0,0,0,3,0,0,,,N,N
872,F,,10/21/2016,2016,9/12/2022,CR,N,1,1,1,N,,1,1,1,1,1,1,1,0,0,0,0,0,6,1,1,,,N,Y
873,F,,4/15/2017,2016,2/3/2023,CR,N,1,95,5,N,5,1,1,1,0,0,0,0,0,0,0,0,1,11,1,1,Y,,Y,Y
875,F,,4/15/2017,2016,2/3/2023,CR,N,1,55,4,N,,1,1,1,0,0,0,0,0,0,0,0,0,3,0,0,,,N,Y
877,F,,4/15/2017,2016,2/3/2023,CR,N,1,30,3,Y,5,1,1,1,0,0,0,0,0,0,0,0,1,11,1,1,Y,,Y,Y
879,F,,4/15/2017,2016,2/3/2023,CR,N,0,20,2,N,,1,1,1,0,0,0,0,0,0,0,0,0,3,0,0,,,N,N
881,F,,4/15/2017,2016,2/3/2023,CR,N,1,60,4,N,,1,1,1,1,0,0,0,0,0,0,0,0,4.1,1,0,,,N,Y
886,F,,4/15/2017,2016,2/3/2023,CR,N,0,10,2,N,,1,1,1,0,0,0,0,0,0,0,0,0,3,0,0,,,N,Y
887,F,,4/15/2017,2016,2/3/2023,CR,N,0,2,1,N,,1,1,1,0,0,0,0,0,0,0,0,0,3,0,0,,,N,Y
888,F,,4/15/2017,2016,2/7/2023,CR,N,0,20,2,N,2,1,1,1,0,0,0,0,0,0,0,0,0,3,1,1,,,N,Y
889,F,,4/15/2017,2016,2/7/2023,CR,N,1,20,2,N,,1,1,1,1,0,0,0,0,0,0,0,0,4.1,1,0,,,N,Y
890,F,,4/15/2017,2016,2/7/2023,CR,N,1,2,1,N,,1,1,1,1,0,0,0,0,0,0,0,0,4.1,1,0,,,N,Y
891,F,,4/15/2017,2016,2/7/2023,CR,N,1,10,2,N,,1,1,1,1,0,0,0,0,0,0,0,0,4.1,1,0,,,N,Y
898,F,,4/29/2017,2016,2/7/2023,CR,N,0,80,5,N,,1,1,1,0,0,0,0,0,0,0,0,0,3,1,0,,,N,N
899,F,,4/29/2017,2016,2/7/2023,CR,N,0,20,2,N,,1,1,1,0,0,0,0,0,0,0,0,0,3,0,0,,,N,Y
900,F,,4/29/2017,2016,2/7/2023,CR,N,0,2,1,N,2,1,1,1,0,0,0,0,0,0,0,0,0,3,1,0,,,N,Y
902,F,,4/29/2017,2016,2/7/2023,CR,N,0,2,1,N,,1,1,1,0,0,0,0,0,0,0,0,0,3,0,0,,,N,Y
903,F,,4/29/2017,2016,2/7/2023,CR,N,0,2,1,N,,1,1,1,0,0,0,0,0,0,0,0,0,3,0,0,,,N,Y
904,F,,4/29/2017,2016,2/7/2023,CR,N,0,10,2,N,,1,1,1,0,0,0,0,0,0,0,0,0,3,1,0,,,N,Y
906,F,,4/29/2017,2016,2/7/2023,CR,N,1,30,3,N,,1,1,1,1,0,0,0,0,0,0,0,1,11,1,1,Y,,Y,Y
908,F,,4/29/2017,2016,2/7/2023,CR,N,0,10,2,N,,1,1,1,0,0,0,0,0,0,0,0,0,3,1,0,,,N,N
909,F,,4/29/2017,2016,2/7/2023,CR,N,0,10,2,N,1,1,1,1,0,0,0,0,0,0,0,0,0,3,0,0,,,N,Y
1105,F,,9/3/2017,2017,8/4/2022,CR,N,0,1,1,N,,1,1,1,0,0,0,0,0,0,0,0,0,3,0,0,,,N,Y
1106,F,,9/3/2017,2017,8/4/2022,CR,N,1,2,1,N,,1,1,1,1,0,0,0,0,0,0,0,0,4.1,1,0,,,N,Y
1107,F,,9/3/2017,2017,8/4/2022,CR,N,1,1,1,Y,5,1,1,1,1,0,0,0,0,0,0,0,0,4.1,1,0,,,N,Y
1111,F,,9/3/2017,2017,8/4/2022,CR,N,0,1,1,N,,1,1,1,0,0,0,0,0,0,0,0,0,3,0,0,,,N,Y
1112,F,,9/3/2017,2017,8/4/2022,CR,N,1,1,1,N,,1,1,1,1,1,1,0,0,0,0,0,0,5,1,1,,,N,Y
1114,F,,9/3/2017,2017,8/4/2022,CR,N,0,1,1,N,,1,1,1,0,0,0,0,0,0,0,0,0,3,0,0,,,N,Y
1116,F,,9/3/2017,2017,8/4/2022,CR,N,1,2,1,N,,1,1,1,1,0,0,0,0,0,0,0,0,4.1,1,0,,,N,Y
1117,F,,9/3/2017,2017,8/3/2022,CR,N,0,1,1,N,,1,1,1,0,0,0,0,0,0,0,0,0,3,0,0,,,N,Y
1119,F,,9/3/2017,2017,8/3/2022,CR,N,1,1,1,N,2,1,1,1,1,0,0,0,0,0,0,0,0,4.1,1,0,,,N,Y
1121,F,,9/3/2017,2017,8/3/2022,CR,N,0,1,1,Y,,1,1,1,0,0,0,0,0,0,0,0,0,3,0,0,,,N,Y
1122,F,,9/3/2017,2017,8/3/2022,CR,N,0,1,1,N,,1,1,1,0,0,0,0,0,0,0,0,0,3,0,0,,,N,Y
1124,F,,9/3/2017,2017,8/3/2022,CR,N,1,2,1,N,1,1,1,1,1,1,0,0,0,0,0,0,0,4.2,1,1,,,N,Y
1125,F,,9/3/2017,2017,8/3/2022,CR,N,1,1,1,N,,1,1,1,0,0,0,0,0,0,0,0,0,3,0,0,,,N,Y
1129,F,,9/7/2017,2017,8/3/2022,CR,N,0,1,1,N,,1,1,1,0,0,0,0,0,0,0,0,0,3,0,0,,,N,Y
1139,F,,9/7/2017,2017,8/3/2022,CR,N,1,1,1,Y,1,1,1,1,1,0,0,0,0,0,0,0,0,4.1,1,0,,,N,Y
1140,F,,9/7/2017,2017,8/3/2022,CR,N,1,1,1,Y,,1,1,1,1,0,0,0,0,0,0,0,0,4.1,1,0,,,N,Y
1142,F,,9/7/2017,2017,8/3/2022,CR,N,1,1,1,N,,1,1,1,0,0,0,0,0,0,0,0,0,3,0,0,,,N,Y
1143,F,,9/7/2017,2017,8/3/2022,CR,N,0,1,1,N,,1,1,1,0,0,0,0,0,0,0,0,0,3,0,0,,,N,Y
1144,F,,9/7/2017,2017,8/3/2022,CR,N,1,1,1,N,,1,1,1,0,0,0,0,0,0,0,0,0,3,0,0,,,N,Y
1145,F,,9/7/2017,2017,8/3/2022,CR,N,1,1,1,N,,1,1,1,0,0,0,0,0,0,0,0,0,3,0,0,,,N,Y
1146,F,,9/7/2017,2017,8/3/2022,CR,N,0,1,1,N,,1,1,1,0,0,0,0,0,0,0,0,0,3,0,0,,,N,Y
1147,F,,9/7/2017,2017,8/3/2022,CR,N,0,1,1,N,,1,1,1,0,0,0,0,0,0,0,0,0,3,0,0,,,N,Y
1148,F,,9/7/2017,2017,8/2/2022,CR,Y,1,1,1,N,,1,1,1,1,1,0,0,0,0,0,0,0,4.2,1,1,,,N,Y
1153,F,,9/17/2017,2017,8/2/2022,CR,Y,1,2,1,N,,1,1,1,1,0,0,0,0,0,0,0,0,4.1,1,0,,,N,Y
1155,F,,9/17/2017,2017,8/2/2022,CR,N,1,1,1,N,,1,1,1,1,1,1,0,0,0,0,0,0,5,1,1,,,N,Y
1157,F,,9/17/2017,2017,8/2/2022,CR,N,1,1,1,N,,1,1,1,1,0,0,0,0,0,0,0,0,4.1,1,0,,,N,Y
1159,F,,9/17/2017,2017,8/2/2022,CR,N,1,1,1,N,,1,1,1,1,1,0,0,0,0,0,0,0,4.2,1,1,,,N,Y
1162,F,,9/17/2017,2017,8/2/2022,CR,N,1,1,1,N,,1,1,1,1,1,1,0,0,0,0,0,0,5,1,1,,,N,N
1165,F,,9/17/2017,2017,8/2/2022,CR,N,1,1,1,Y,,1,1,1,1,1,0,0,0,0,0,0,0,4.2,1,1,,,N,Y
1166,F,,9/17/2017,2017,8/2/2022,CR,N,1,0,1,N,,1,1,1,1,1,0,0,0,0,0,0,0,4.2,1,1,,,N,N
1168,F,,9/17/2017,2017,8/2/2022,CR,N,0,1,1,N,,1,1,1,0,0,0,0,0,0,0,0,0,3,0,0,,,N,Y
1171,F,,9/17/2017,2017,8/2/2022,CR,N,1,1,1,N,,1,1,1,1,0,0,0,0,0,0,0,0,4.1,1,0,,,N,Y
1172,F,,9/17/2017,2017,8/2/2022,CR,N,1,1,1,N,,1,1,1,1,1,0,0,0,0,0,0,0,4.2,1,1,,,N,Y
1176,F,,9/17/2017,2017,8/2/2022,CR,N,1,0,1,N,,1,1,1,1,0,0,0,0,0,0,0,0,4.1,1,0,,,N,Y
1186,F,,9/17/2017,2017,8/2/2022,CR,N,0,1,1,N,,1,1,1,0,0,0,0,0,0,0,0,0,3,0,0,,,N,Y
1187,F,,4/21/2018,2017,2/10/2023,CR,N,0,5,2,N,5,1,1,1,0,0,0,0,0,0,0,0,0,3,1,0,,,N,Y
1189,F,,4/21/2018,2017,2/10/2023,CR,N,1,1,1,N,5,1,1,1,0,0,0,0,0,0,0,0,0,3,0,0,,,N,Y
1191,F,,4/21/2018,2017,2/10/2023,CR,N,0,10,2,N,5,1,1,1,0,0,0,0,0,0,0,0,0,3,1,0,,,N,Y
1192,F,,4/21/2018,2017,2/10/2023,CR,N,1,5,2,N,,1,1,1,0,0,0,0,0,0,0,0,0,3,0,0,,,N,Y
1193,F,,4/21/2018,2017,2/10/2023,CR,N,1,2,1,N,5,1,1,1,0,0,0,0,0,0,0,0,0,3,0,0,,,N,Y
1195,F,,4/21/2018,2017,2/10/2023,CR,N,1,2,1,N,5,1,1,1,0,0,0,0,0,0,0,0,0,3,0,0,,,N,Y
1196,F,,4/21/2018,2017,2/10/2023,CR,N,1,20,2,N,,1,1,1,1,0,0,0,0,0,0,0,0,4.1,1,0,,,N,Y
1197,F,,4/21/2018,2017,2/10/2023,CR,N,1,1,1,N,,1,1,1,1,0,0,0,0,0,0,0,0,4.1,1,0,,,N,Y
1201,F,,4/21/2018,2017,2/10/2023,CR,N,0,10,2,Y,,1,1,1,0,0,0,0,0,0,0,0,0,3,0,0,,,N,Y
1202,F,,4/21/2018,2017,2/10/2023,CR,N,0,5,2,N,2,1,1,1,0,0,0,0,0,0,0,0,0,3,1,0,,,N,Y
1203,F,,4/21/2018,2017,2/10/2023,CR,N,0,1,1,N,,1,1,1,0,0,0,0,0,0,0,0,0,3,0,0,,,N,Y
1204,F,,4/21/2018,2017,2/10/2023,CR,N,0,1,1,N,,1,1,1,0,0,0,0,0,0,0,0,0,3,0,0,,,N,Y
1205,F,,4/21/2018,2017,2/10/2023,CR,N,0,2,1,N,,1,1,1,0,0,0,0,0,0,0,0,0,3,0,0,,,N,Y
1206,F,,4/21/2018,2017,2/10/2023,CR,N,0,5,2,N,2,1,1,1,0,0,0,0,0,0,0,0,0,3,1,0,,,N,Y
1207,F,,4/21/2018,2017,2/10/2023,CR,N,0,2,1,N,,1,1,1,0,0,0,0,0,0,0,0,0,3,0,0,,,N,Y
1208,F,,4/21/2018,2017,2/10/2023,CR,N,1,10,2,N,,1,1,1,1,0,0,0,0,0,0,0,0,4.1,1,0,,,N,Y
1209,F,,4/21/2018,2017,2/12/2023,CR,N,0,20,2,N,,1,1,1,0,0,0,0,0,0,0,0,0,3,1,0,,,N,Y
1210,F,,4/21/2018,2017,2/12/2023,CR,N,0,2,1,Y,1,1,1,1,0,0,0,0,0,0,0,0,0,3,0,0,,,N,Y
1212,F,,4/28/2018,2017,2/12/2023,CR,N,1,4,1,N,,1,1,1,1,0,0,0,0,0,0,0,0,4.1,1,0,,,N,Y
1213,F,,4/28/2018,2017,2/12/2023,CR,N,1,5,2,N,,1,1,1,1,0,0,0,0,0,0,0,0,4.1,1,0,,,N,Y
1216,F,,4/28/2018,2017,2/12/2023,CR,N,0,5,2,N,,1,1,1,0,0,0,0,0,0,0,0,0,3,1,0,,,N,Y
1217,F,,4/28/2018,2017,2/12/2023,CR,N,1,1,1,N,,1,1,1,1,0,0,0,0,0,0,0,0,4.1,1,0,,,N,Y
1220,F,,4/28/2018,2017,2/12/2023,CR,N,0,1,1,N,,1,1,1,0,0,0,0,0,0,0,0,0,3,0,0,,,N,N
1223,M,FEMALE,4/28/2018,2017,2/13/2023,CR,N,0,2,1,Y,30,1,1,1,1,0,0,0,0,0,0,0,0,4.1,1,0,,,N,Y
1224,M,FEMALE,4/28/2018,2017,2/13/2023,CR,N,0,20,2,N,2,1,1,1,0,0,0,0,0,0,0,0,0,3,1,0,,,N,Y
1225,F,,4/28/2018,2017,2/13/2023,CR,N,0,30,3,N,,1,1,1,0,0,0,0,0,0,0,0,0,3,1,0,,,N,Y
1228,M,FEMALE,4/28/2018,2017,2/13/2023,CR,N,0,1,1,Y,5,1,1,1,1,0,0,0,0,0,0,0,0,4.1,1,0,,,N,Y
1229,F,,4/28/2018,2017,2/13/2023,CR,N,0,10,2,N,,1,1,1,0,0,0,0,0,0,0,0,0,3,1,0,,,N,Y
1233,F,,4/28/2018,2017,2/13/2023,CR,N,1,4,1,N,,1,1,1,1,0,0,0,0,0,0,0,0,4.1,1,0,,,N,Y
1358,F,,10/20/2018,2018,7/29/2022,CR,N,1,1,1,N,,1,1,1,1,1,1,1,0,0,0,0,0,6,1,1,,,N,N
1360,F,,10/20/2018,2018,7/28/2022,CR,N,1,1,1,N,,1,1,1,1,1,1,1,0,0,0,0,0,6,1,1,,,N,N
1363,F,,10/20/2018,2018,7/21/2022,CR,N,1,2,1,N,2,1,1,1,1,1,0,0,0,0,0,0,0,4.2,1,1,,,N,Y
1364,F,,10/20/2018,2018,7/28/2022,CR,N,1,0,1,N,,1,1,1,1,1,1,0,0,0,0,0,0,5,1,1,,,N,Y
1365,F,,10/20/2018,2018,7/21/2022,CR,N,1,1,1,N,,1,1,1,1,1,1,0,0,0,0,0,0,5,1,1,,,N,Y
1366,F,,10/20/2018,2018,7/28/2022,CR,N,1,0,1,N,,1,1,1,1,1,1,1,0,0,0,0,0,6,1,1,,,N,Y
1367,F,,10/20/2018,2018,7/28/2022,CR,N,1,0,1,N,,1,1,1,1,1,0,0,0,0,0,0,0,4.2,1,1,,,N,Y
1368,F,,10/20/2018,2018,7/28/2022,CR,N,1,1,1,N,,1,1,1,1,1,1,1,0,0,0,0,0,6,1,1,,,N,N
1370,F,,10/20/2018,2018,7/21/2022,CR,N,1,90,5,N,,1,1,1,0,1,0,0,0,0,0,0,0,4.2,1,0,,,N,Y
1371,F,,10/20/2018,2018,7/28/2022,CR,N,1,5,2,N,,1,1,1,1,1,0,0,0,0,0,0,0,4.2,1,1,,,N,Y
1372,F,,10/20/2018,2018,7/28/2022,CR,N,1,10,2,N,,1,1,1,1,1,0,0,0,0,0,0,0,4.2,1,1,,,N,Y
1376,F,,10/20/2018,2018,7/28/2022,CR,N,1,0,1,N,,1,1,1,1,1,1,1,0,0,0,0,0,6,1,1,,,N,Y
1378,F,,10/20/2018,2018,7/28/2022,CR,N,1,1,1,N,,1,1,1,1,0,0,0,0,0,0,0,0,4.1,1,0,,,N,Y
1379,F,,11/12/2018,2018,7/21/2022,CR,N,1,5,2,N,,1,1,1,0,0,1,1,0,0,0,0,0,6,1,1,,,N,N
1384,F,,11/12/2018,2018,7/21/2022,CR,N,1,0,1,N,,1,1,1,1,1,1,1,1,0,0,0,0,7,1,1,,,N,N
1385,F,,11/12/2018,2018,7/21/2022,CR,N,1,1,1,N,,1,1,1,1,1,1,1,0,0,0,0,0,6,1,1,,,N,Y
1388,F,,3/2/2019,2018,7/21/2022,CR,N,1,90,5,N,,1,1,1,0,0,0,0,0,1,0,0,1,11,1,1,Y,,Y,Y
1390,F,,3/2/2019,2018,7/21/2022,CR,N,0,30,3,N,5,1,1,1,0,0,0,0,0,0,0,0,0,3,0,0,,,N,Y
1391,F,,3/2/2019,2018,7/21/2022,CR,N,1,30,3,N,,1,1,1,1,0,0,0,0,0,0,0,0,4.1,1,0,,,N,Y
1392,F,,3/2/2019,2018,8/3/2022,CR,N,0,4,1,N,,1,1,1,0,0,0,0,0,0,0,0,0,3,0,0,,,N,Y
1395,F,,3/2/2019,2018,7/29/2022,CR,N,0,40,3,N,,1,1,1,0,0,0,0,0,0,0,0,0,3,1,0,,,N,Y
1396,F,,3/2/2019,2018,8/3/2022,CR,N,0,15,2,N,,1,1,1,0,0,0,0,0,0,0,0,0,3,0,0,,,N,Y
1399,F,,3/2/2019,2018,8/3/2022,CR,N,0,2,1,N,,1,1,1,0,0,0,0,0,0,0,0,0,3,0,0,,,N,Y
1402,F,,3/2/2019,2018,8/4/2022,CR,N,1,35,3,N,,1,1,1,1,0,0,0,0,0,0,0,0,4.1,1,0,,,N,Y
1404,F,,3/2/2019,2018,8/4/2022,CR,N,1,15,2,N,,1,1,1,1,0,0,0,0,0,0,0,0,4.1,1,0,,,N,Y
1406,F,,3/2/2019,2018,7/21/2022,CR,N,0,45,3,N,,1,1,1,0,0,0,0,0,0,0,0,0,3,1,0,,,N,Y
1407,F,,3/2/2019,2018,8/4/2022,CR,N,1,30,3,N,,1,1,1,1,0,0,0,0,0,0,0,0,4.1,1,0,,,N,Y
1410,F,,4/27/2019,2018,2/7/2023,CR,N,0,30,3,N,,1,1,1,0,0,0,0,0,0,0,0,0,3,1,0,,,N,Y
1412,F,,4/27/2019,2018,2/15/2023,CR,N,0,30,3,N,,1,1,1,1,0,0,0,0,0,0,0,0,4.1,1,0,,,N,Y
1415,F,,4/27/2019,2018,2/15/2023,CR,N,1,2,1,Y,,1,1,1,0,0,0,0,0,0,0,0,0,3,0,0,,,N,Y
1416,F,,4/27/2019,2018,2/16/2023,CR,N,0,5,2,N,2,1,1,1,0,0,0,0,0,0,0,0,0,3,1,1,,,N,Y
1418,F,,4/27/2019,2018,2/16/2023,CR,N,1,1,1,Y,15,1,1,1,0,0,0,0,0,0,0,0,0,3,0,0,,,N,Y
1420,F,,4/27/2019,2018,2/16/2023,CR,N,1,1,1,N,,1,1,1,0,0,0,0,0,0,0,0,0,3,0,0,,,N,Y
1421,F,,4/27/2019,2018,2/16/2023,CR,N,0,2,1,N,,1,1,1,0,0,0,0,0,0,0,0,0,3,0,0,,,N,Y
1423,F,,4/27/2019,2018,2/16/2023,CR,N,1,40,3,N,,1,1,1,1,0,0,0,0,0,0,0,0,4.1,1,0,,,N,Y
1424,F,,4/27/2019,2018,2/16/2023,CR,N,1,4,1,N,,1,1,1,1,0,0,0,0,0,0,0,0,4.1,1,0,,,N,Y
1426,F,,4/27/2019,2018,2/16/2023,CR,N,0,30,3,N,,1,1,1,0,0,0,0,0,0,0,0,0,3,0,0,,,N,Y
1428,F,,4/27/2019,2018,2/16/2023,CR,N,1,2,1,N,,1,1,1,0,0,0,0,0,0,0,0,0,3,0,0,,,N,Y
1429,F,,4/27/2019,2018,2/16/2023,CR,N,0,1,1,N,1,1,1,1,0,0,0,0,0,0,0,0,0,3,0,0,,,N,Y
1430,F,,4/27/2019,2018,2/16/2023,CR,N,1,4,1,N,,1,1,1,1,0,0,0,0,0,0,0,0,4.1,1,0,,,N,Y
1676,F,,9/12/2019,2019,8/30/2022,CR,N,1,1,1,N,,1,1,1,1,0,0,0,0,0,0,0,0,4.1,1,0,,,N,Y
1678,F,,9/12/2019,2019,8/30/2022,CR,N,1,1,1,N,,1,1,1,0,0,0,0,0,0,0,0,0,3,0,0,,,N,Y
1680,F,,9/12/2019,2019,8/30/2022,CR,N,1,1,1,N,,1,1,1,1,1,1,1,0,0,0,0,0,6,1,1,,,N,Y
1682,F,,9/12/2019,2019,8/30/2022,CR,N,1,1,1,N,,1,1,1,1,1,0,0,0,0,0,0,0,4.2,1,1,,,N,Y
1683,F,,9/12/2019,2019,8/30/2022,CR,N,1,2,1,N,,1,1,1,1,1,1,0,0,0,0,0,0,5,1,1,,,N,Y
1685,F,,9/12/2019,2019,8/30/2022,CR,N,1,5,2,N,,1,1,1,0,0,0,0,0,0,0,0,0,3,0,0,,,N,Y
1686,F,,9/21/2019,2019,8/30/2022,CR,N,1,95,5,N,,1,1,1,1,0,0,0,0,0,0,0,0,4.1,1,0,,,N,Y
1687,F,,9/21/2019,2019,8/30/2022,CR,N,1,2,1,N,,1,1,1,1,1,0,0,0,0,0,0,0,4.2,1,1,,,N,Y
1689,F,,9/21/2019,2019,8/30/2022,CR,N,1,1,1,N,,1,1,1,1,1,0,0,0,0,0,0,0,4.2,1,1,,,N,Y
1692,F,,9/21/2019,2019,8/30/2022,CR,N,1,75,5,N,,1,1,1,1,1,0,0,0,0,0,0,0,4.2,1,0,,,N,Y
1693,F,,9/21/2019,2019,8/30/2022,CR,N,1,10,2,N,,1,1,1,1,1,1,0,0,0,0,0,0,5,1,1,,,N,Y
1694,F,,9/21/2019,2019,8/30/2022,CR,N,1,50,4,Y,,1,1,1,1,1,0,0,0,0,0,0,0,4.2,1,0,,,N,Y
1696,F,,9/21/2019,2019,8/30/2022,CR,N,1,1,1,N,,1,1,1,1,1,1,1,0,0,0,0,0,6,1,1,,,N,Y
1699,F,,10/5/2019,2019,7/29/2022,CR,N,1,1,1,N,,1,1,1,1,1,1,0,0,0,0,0,0,5,1,1,,,N,Y
1702,F,,10/5/2019,2019,7/29/2022,CR,N,0,1,1,N,,1,1,1,1,0,0,0,0,0,0,0,0,4.1,1,0,,,N,Y
1703,F,,10/5/2019,2019,7/29/2022,CR,N,1,1,1,N,,1,1,1,1,1,1,0,0,0,0,0,0,5,1,1,,,N,Y
1704,F,,10/5/2019,2019,7/29/2022,CR,N,1,1,1,N,,1,1,1,1,0,0,0,0,0,0,0,0,4.1,1,0,,,N,Y
1706,F,,10/5/2019,2019,7/29/2022,CR,N,1,1,1,N,,1,1,1,1,1,1,0,0,0,0,0,0,5,1,1,,,N,Y
1707,F,,10/5/2019,2019,7/29/2022,CR,N,0,1,1,Y,,1,1,1,1,0,0,0,0,0,0,0,0,4.1,1,0,,,N,Y
1708,F,,10/5/2019,2019,7/29/2022,CR,N,1,1,1,N,,1,1,1,1,0,0,0,0,0,0,0,0,4.1,1,0,,,N,Y
1709,F,,10/5/2019,2019,7/29/2022,CR,N,0,1,1,N,,1,1,1,1,0,0,0,0,0,0,0,0,4.1,1,0,,,N,Y
1710,F,,10/5/2019,2019,7/29/2022,CR,N,1,1,1,Y,,1,1,1,1,1,1,0,0,0,0,0,0,5,1,1,,,N,Y
1711,F,,10/5/2019,2019,7/29/2022,CR,N,1,2,1,N,,1,1,1,1,1,1,0,0,0,0,0,0,5,1,1,,,N,Y
1716,F,,10/5/2019,2019,7/29/2022,CR,N,1,1,1,N,,1,1,1,1,1,1,0,0,0,0,0,0,5,1,1,,,N,Y
1718,F,,10/5/2019,2019,7/29/2022,CR,N,1,0,1,Y,,1,1,1,1,1,1,0,0,0,0,0,0,5,1,1,,,N,Y
1719,F,,10/5/2019,2019,7/29/2022,CR,N,1,1,1,N,,1,1,1,1,1,0,0,0,0,0,0,0,4.2,1,1,,,N,Y
1722,F,,10/27/2019,2019,7/29/2022,CR,N,1,1,1,N,,1,1,1,1,1,1,1,1,0,0,0,0,7,1,1,,,N,Y
1723,F,,10/27/2019,2019,7/29/2022,CR,N,1,1,1,N,,1,1,1,1,1,1,1,0,0,0,0,0,6,1,1,,,N,Y
1724,F,,10/27/2019,2019,7/29/2022,CR,N,1,2,1,N,,1,1,1,0,1,1,1,1,0,0,0,0,7,1,1,,,N,Y
1728,F,,10/27/2019,2019,7/29/2022,CR,N,1,1,1,N,,1,1,1,1,0,1,1,1,0,0,0,0,7,1,1,,,N,Y
1734,F,,12/8/2019,2019,8/1/2022,CR,N,1,2,1,N,,1,1,1,0,0,1,1,0,0,0,0,0,6,1,1,,,N,Y
1735,F,,12/8/2019,2019,8/1/2022,CR,N,1,30,3,N,,1,1,1,1,0,0,0,0,0,0,0,0,4.1,1,0,,,N,Y
1736,F,,12/8/2019,2019,8/1/2022,CR,N,1,5,2,N,,1,1,1,0,0,1,1,1,1,0,0,0,8,1,1,,,N,Y
1740,F,,12/8/2019,2019,8/1/2022,CR,N,1,75,5,N,,1,1,1,1,0,0,0,0,0,0,0,0,4.1,1,0,,,N,Y
1741,F,,12/8/2019,2019,8/1/2022,CR,N,1,20,2,N,,1,1,1,1,0,0,0,0,0,0,0,0,4.1,1,0,,,N,Y
1742,F,,12/8/2019,2019,8/3/2022,CR,N,1,70,4,N,,1,1,1,1,0,0,0,0,0,0,0,0,4.1,1,0,,,N,Y
1744,F,,12/8/2019,2019,8/3/2022,CR,N,1,1,1,N,,1,1,1,0,0,1,1,0,0,0,0,0,6,1,1,,,N,Y
1745,F,,12/8/2019,2019,8/4/2022,CR,N,1,1,1,N,,1,1,1,1,1,1,1,0,0,0,0,0,6,1,1,,,N,Y
1748,F,,12/8/2019,2019,8/4/2022,CR,N,1,10,2,N,,1,1,1,1,0,0,0,0,0,0,0,0,4.1,1,0,,,N,Y
1749,F,,12/8/2019,2019,8/4/2022,CR,N,1,30,3,N,,1,1,1,1,0,0,0,0,0,0,0,0,4.1,1,0,,,N,Y
1750,F,,12/8/2019,2019,8/4/2022,CR,N,1,40,3,N,1,1,1,1,1,0,0,0,0,0,0,0,0,4.1,1,0,,,N,Y
1752,F,,12/8/2019,2019,8/4/2022,CR,N,1,95,5,N,,1,1,1,1,1,1,1,1,1,0,0,0,8,1,0,,,N,Y
1753,F,,12/8/2019,2019,8/4/2022,CR,N,0,10,2,N,,1,1,1,1,0,0,0,0,0,0,0,0,4.1,1,0,,,N,Y
1754,F,,12/8/2019,2019,8/4/2022,CR,N,1,20,2,Y,2,1,1,1,0,0,0,0,0,0,0,0,0,3,0,0,,,N,Y
1755,F,,12/8/2019,2019,8/4/2022,CR,N,1,70,4,N,,1,1,1,1,0,0,0,0,0,0,0,0,4.1,1,0,,,N,Y
1757,F,,12/8/2019,2019,8/4/2022,CR,N,1,80,5,Y,,1,1,1,1,0,0,0,0,0,0,0,0,4.1,1,0,,,N,Y
1758,F,,2/4/2020,2019,8/3/2022,CR,N,1,70,4,N,,1,1,1,1,1,0,0,0,0,0,0,0,4.2,1,0,,,N,Y
1761,F,,2/4/2020,2019,8/3/2022,CR,N,1,1,1,N,10,1,1,1,0,0,0,0,0,0,0,0,0,3,0,0,,,N,Y
1762,F,,2/4/2020,2019,8/3/2022,CR,N,1,5,2,N,2,1,1,1,1,0,0,0,0,0,0,0,0,4.1,1,0,,,N,Y
1763,F,,2/4/2020,2019,8/3/2022,CR,N,1,40,3,N,,1,1,1,1,0,0,0,0,0,0,0,0,4.1,1,0,,,N,Y
1764,F,,2/13/2020,2019,8/3/2022,CR,N,0,40,3,Y,1,1,1,1,0,0,0,0,0,0,0,0,0,3,1,0,,,N,Y
1766,F,,2/13/2020,2019,8/3/2022,CR,N,0,50,4,N,,1,1,1,1,0,0,0,0,0,0,0,0,4.1,1,0,,,N,Y
1769,F,,2/13/2020,2019,8/3/2022,CR,N,1,90,5,N,,1,1,1,0,0,0,0,0,0,0,0,1,11,1,1,Y,,Y,Y
1773,F,,2/13/2020,2019,8/3/2022,CR,N,0,50,4,N,,1,1,1,1,0,0,0,0,0,0,0,0,4.1,1,0,,,N,Y
1776,F,,2/13/2020,2019,8/4/2022,CR,N,1,40,3,N,,1,1,1,1,0,0,0,0,0,0,0,0,4.1,1,0,,,N,Y
1777,F,,2/13/2020,2019,8/4/2022,CR,N,1,5,2,N,,1,1,1,1,0,0,0,0,0,0,0,0,4.1,1,0,,,N,Y
1778,F,,2/13/2020,2019,8/4/2022,CR,N,1,5,2,N,,1,1,1,1,0,0,0,0,0,0,0,0,4.1,1,0,,,N,Y
1779,F,,2/13/2020,2019,9/7/2022,CR,N,1,5,2,N,,1,1,1,1,0,0,0,0,0,0,0,0,4.1,1,0,,,N,Y
1780,F,,2/13/2020,2019,9/7/2022,CR,N,1,10,2,N,,1,1,1,1,0,0,0,0,0,0,0,0,4.1,1,0,,,N,Y
1781,F,,2/13/2020,2019,9/7/2022,CR,N,1,5,2,N,,1,1,1,1,0,0,0,0,0,0,0,0,4.1,1,0,,,N,Y
1782,F,,2/13/2020,2019,9/7/2022,CR,N,1,2,1,N,,1,1,1,1,0,0,0,0,0,0,0,0,4.1,1,0,,,N,Y
1783,F,,2/13/2020,2019,9/7/2022,CR,N,1,5,2,Y,,1,1,1,1,0,0,0,0,0,0,0,0,4.1,1,0,,,N,Y
1785,F,,2/13/2020,2019,9/7/2022,CR,N,1,20,2,N,,1,1,1,1,0,0,0,0,0,0,0,0,4.1,1,0,,,N,Y
1788,F,,2/20/2020,2019,9/7/2022,CR,N,1,50,4,N,,1,1,1,1,0,0,0,0,0,0,0,0,4.1,1,0,,,N,Y
1789,F,,2/20/2020,2019,9/7/2022,CR,N,1,40,3,N,,1,1,1,1,0,0,0,0,0,0,0,0,4.1,1,0,,,N,Y
1790,F,,2/20/2020,2019,9/7/2022,CR,N,0,2,1,N,,1,1,1,0,0,0,0,0,0,0,0,0,3,0,0,,,N,Y
1793,F,,2/20/2020,2019,9/7/2022,CR,N,1,90,5,N,10,1,1,1,0,0,0,0,0,0,0,0,1,11,1,1,Y,,Y,Y
1797,F,,2/20/2020,2019,9/7/2022,CR,N,0,5,2,N,,1,1,1,0,0,0,0,0,0,0,0,0,3,0,0,,,N,Y
1798,F,,2/20/2020,2019,9/7/2022,CR,N,1,95,5,N,,1,1,1,0,0,0,0,0,0,0,1,1,11,1,1,Y,Y,Y,N
1799,F,,2/20/2020,2019,9/7/2022,CR,N,1,5,2,N,,1,1,1,1,0,0,0,0,0,0,0,0,4.1,1,0,,,N,Y
1803,F,,2/20/2020,2019,9/8/2022,CR,N,1,5,2,N,,1,1,1,1,0,0,0,0,0,0,0,0,4.1,1,0,,,N,Y
1806,F,,3/14/2020,2019,9/8/2022,CR,N,0,5,2,N,,1,1,1,0,0,0,0,0,0,0,0,0,3,0,0,,,N,Y
1808,F,,3/14/2020,2019,9/8/2022,CR,N,1,30,3,N,2,1,1,1,1,0,0,0,0,0,0,0,0,4.1,1,0,,,N,Y
1809,F,,3/14/2020,2019,9/8/2022,CR,N,0,50,4,N,,1,1,1,1,0,0,0,0,0,0,0,0,4.1,1,0,,,N,Y
1810,F,,3/14/2020,2019,9/8/2022,CR,N,1,95,5,N,2,1,1,1,0,0,0,0,0,0,0,0,1,11,1,1,Y,,Y,Y
1812,F,,3/14/2020,2019,9/8/2022,CR,N,1,70,4,N,,1,1,1,0,0,0,0,0,0,0,0,1,11,1,1,Y,,Y,Y
1813,F,,3/14/2020,2019,9/8/2022,CR,N,1,90,5,N,,1,1,1,0,0,0,0,0,0,0,0,1,11,1,1,Y,,Y,Y
1818,F,,3/14/2020,2019,9/8/2022,CR,N,1,90,5,N,2,1,1,1,0,0,0,0,0,0,0,0,1,11,1,1,Y,,Y,Y
1819,F,,3/14/2020,2019,9/7/2022,CR,N,1,20,2,Y,,1,1,1,1,0,0,0,0,0,0,0,0,4.1,1,0,,,N,Y
1820,F,,3/14/2020,2019,9/7/2022,CR,N,0,20,2,N,,1,1,1,0,0,0,0,0,0,0,0,0,3,0,0,,,N,Y
1822,F,,3/14/2020,2019,9/7/2022,CR,N,0,40,3,N,,1,1,1,1,0,0,0,0,0,0,0,0,4.1,1,0,,,N,Y
1823,F,,3/14/2020,2019,9/7/2022,CR,N,0,5,2,N,,1,1,1,0,0,0,0,0,0,0,0,0,3,0,0,,,N,Y
1824,F,,3/14/2020,2019,9/7/2022,CR,N,1,10,2,N,,1,1,1,1,0,0,0,0,0,0,0,0,4.1,1,0,,,N,Y
1825,F,,3/14/2020,2019,9/7/2022,CR,N,1,5,2,N,,1,1,1,1,0,0,0,0,0,0,0,0,4.1,1,0,,,N,Y
1826,F,,3/14/2020,2019,9/7/2022,CR,N,0,10,2,N,1,1,1,1,0,0,0,0,0,0,0,0,0,3,0,0,,,N,Y
1827,F,,3/14/2020,2019,9/7/2022,CR,N,0,90,5,N,,1,1,1,1,0,0,0,0,0,0,0,0,4.1,1,0,,,N,Y
1829,F,,3/14/2020,2019,9/7/2022,CR,N,1,90,5,N,2,1,1,1,0,0,0,0,0,0,0,0,1,11,1,1,Y,,Y,Y
2069,F,,9/16/2020,2020,9/1/2022,CR,N,1,2,1,Y,,1,1,1,1,1,1,0,0,0,0,0,0,5,1,1,,,N,Y
2074,F,,9/16/2020,2020,9/1/2022,CR,N,1,1,1,N,,1,1,1,1,1,0,0,0,0,0,0,0,4.2,1,1,,,N,Y
2075,F,,9/16/2020,2020,9/1/2022,CR,N,1,1,1,N,,1,1,1,1,1,1,0,0,0,0,0,0,5,1,1,,,N,Y
2078,F,,9/16/2020,2020,9/1/2022,CR,N,1,1,1,N,,1,1,1,1,1,1,0,0,0,0,0,0,5,1,1,,,N,Y
2079,F,,9/16/2020,2020,9/1/2022,CR,N,1,1,1,N,,1,1,1,1,1,1,0,0,0,0,0,0,5,1,1,,,N,Y
2081,F,,9/16/2020,2020,9/1/2022,CR,N,0,2,1,N,,1,1,1,1,0,0,0,0,0,0,0,0,4.1,1,0,,,N,Y
2082,F,,9/16/2020,2020,9/1/2022,CR,N,0,5,2,N,,1,1,1,1,0,0,0,0,0,0,0,0,4.1,1,0,,,N,Y
2083,F,,9/16/2020,2020,9/1/2022,CR,N,1,2,1,N,,1,1,1,1,1,1,0,0,0,0,0,0,5,1,1,,,N,Y
2086,F,,9/16/2020,2020,9/2/2022,CR,N,0,2,1,N,,1,1,1,1,0,0,0,0,0,0,0,0,4.1,1,0,,,N,Y
2088,F,,9/16/2020,2020,9/2/2022,CR,N,1,2,1,N,,1,1,1,1,1,1,0,0,0,0,0,0,5,1,1,,,N,Y
2089,F,,9/16/2020,2020,9/2/2022,CR,N,0,4,1,Y,,1,1,1,1,0,0,0,0,0,0,0,0,4.1,1,0,,,N,Y
2092,F,,9/16/2020,2020,9/2/2022,CR,N,1,2,1,N,,1,1,1,0,0,0,0,0,0,0,0,0,3,0,0,,,N,Y
2094,F,,10/30/2020,2020,9/1/2022,CR,N,1,10,2,Y,,1,1,1,1,1,1,0,0,0,0,0,0,5,1,1,,,N,Y
2096,F,,10/30/2020,2020,9/2/2022,CR,N,1,30,3,N,,1,1,1,1,0,0,0,0,0,0,0,0,4.1,1,0,,,N,Y
2098,F,,10/30/2020,2020,9/1/2022,CR,N,1,1,1,N,,1,1,1,1,1,1,1,0,0,0,0,0,6,1,1,,,N,Y
2099,F,,10/30/2020,2020,9/2/2022,CR,N,1,60,3,N,,1,1,1,1,0,0,0,0,0,0,0,0,4.1,1,0,,,N,Y
2102,F,,10/30/2020,2020,9/2/2022,CR,N,1,4,1,N,1,1,1,1,0,0,0,0,0,0,0,0,0,3,0,0,,,N,Y
2106,F,,10/30/2020,2020,9/2/2022,CR,N,1,30,3,Y,,1,1,1,0,0,0,0,0,0,0,0,0,3,0,0,,,N,Y
2114,F,,10/30/2020,2020,9/1/2022,CR,N,1,2,1,N,,1,1,1,1,1,1,1,0,0,0,0,0,6,1,1,,,N,N
