Survey_ID,Sample_ID,Fish_length,Fork_length,Survey_date
3,1722,392,384,10/27/2019
3,1723,424,415,10/27/2019
3,1724,484,474,10/27/2019
3,1725,412,404,10/27/2019
3,1726,382,374,10/27/2019
3,1727,391,383,10/27/2019
3,1728,469,460,10/27/2019
3,1729,398,390,10/27/2019
3,1730,387,379,10/27/2019
3,1731,379,371,10/27/2019
3,1732,345,338,10/27/2019
3,1733,411,403,10/27/2019
4,1698,425,416,10/5/2019
4,1699,441,432,10/5/2019
4,1700,377,369,10/5/2019
4,1701,362,354,10/5/2019
4,1702,322,315,10/5/2019
4,1703,463,454,10/5/2019
4,1704,434,425,10/5/2019
4,1705,399,391,10/5/2019
4,1706,398,390,10/5/2019
4,1707,391,383,10/5/2019
4,1708,408,400,10/5/2019
4,1709,400,392,10/5/2019
4,1710,457,448,10/5/2019
4,1711,399,391,10/5/2019
4,1712,408,400,10/5/2019
4,1713,446,437,10/5/2019
4,1714,400,392,10/5/2019
4,1715,418,409,10/5/2019
4,1716,421,412,10/5/2019
4,1717,413,405,10/5/2019
4,1718,405,397,10/5/2019
4,1719,406,398,10/5/2019
4,1720,415,407,10/5/2019
4,1721,468,459,10/5/2019
5,1692,434,425,9/21/2019
5,1693,472,463,9/21/2019
5,1694,407,399,9/21/2019
5,1695,418,409,9/21/2019
5,1696,444,435,9/21/2019
5,1697,422,413,9/21/2019
5,1686,402,394,9/21/2019
5,1687,400,392,9/21/2019
5,1688,407,399,9/21/2019
5,1689,400,392,9/21/2019
5,1690,422,413,9/21/2019
5,1691,366,358,9/21/2019
6,1674,330,323,9/12/2019
6,1675,412,404,9/12/2019
6,1676,342,335,9/12/2019
6,1677,399,391,9/12/2019
6,1678,348,341,9/12/2019
6,1679,363,355,9/12/2019
6,1680,447,438,9/12/2019
6,1681,374,366,9/12/2019
6,1682,384,376,9/12/2019
6,1683,459,450,9/12/2019
6,1684,380,372,9/12/2019
6,1685,359,351,9/12/2019
7,1650,435,426,8/14/2019
7,1651,371,363,8/14/2019
7,1652,442,433,8/14/2019
7,1654,399,391,8/14/2019
7,1655,428,419,8/14/2019
7,1656,348,341,8/14/2019
7,1657,362,354,8/14/2019
7,1658,361,353,8/14/2019
7,1659,386,378,8/14/2019
7,1660,403,395,8/14/2019
7,1661,406,398,8/14/2019
7,1662,419,410,8/14/2019
7,1663,377,369,8/14/2019
7,1664,461,452,8/14/2019
7,1665,414,406,8/14/2019
7,1666,354,347,8/14/2019
7,1667,423,414,8/14/2019
7,1668,381,373,8/14/2019
7,1669,323,316,8/14/2019
7,1670,425,416,8/14/2019
7,1671,339,332,8/14/2019
7,1672,367,359,8/14/2019
7,1673,425,416,8/14/2019
7,1653,378,370,8/14/2019
8,1628,436,427,8/9/2019
8,1629,405,397,8/9/2019
8,1630,438,429,8/9/2019
8,1631,395,387,8/9/2019
8,1632,339,332,8/9/2019
8,1633,436,427,8/9/2019
8,1634,336,329,8/9/2019
8,1635,445,436,8/9/2019
8,1636,378,370,8/9/2019
8,1637,406,398,8/9/2019
8,1638,447,438,8/9/2019
8,1639,370,362,8/9/2019
8,1640,400,392,8/9/2019
8,1641,444,435,8/9/2019
8,1642,370,362,8/9/2019
8,1643,347,340,8/9/2019
8,1644,495,485,8/9/2019
8,1645,425,416,8/9/2019
8,1646,365,357,8/9/2019
8,1647,426,417,8/9/2019
8,1648,424,415,8/9/2019
8,1649,427,418,8/9/2019
8,1626,405,397,8/9/2019
8,1627,406,398,8/9/2019
9,1602,436,427,7/24/2019
9,1603,411,403,7/24/2019
9,1604,489,479,7/24/2019
9,1605,426,417,7/24/2019
9,1606,352,345,7/24/2019
9,1607,471,462,7/24/2019
9,1608,378,370,7/24/2019
9,1609,438,429,7/24/2019
9,1610,343,336,7/24/2019
9,1611,388,380,7/24/2019
9,1612,423,414,7/24/2019
9,1613,397,389,7/24/2019
9,1614,352,345,7/24/2019
9,1615,366,358,7/24/2019
9,1616,384,376,7/24/2019
9,1617,412,404,7/24/2019
9,1618,421,412,7/24/2019
9,1619,430,421,7/24/2019
9,1620,435,426,7/24/2019
9,1621,393,385,7/24/2019
9,1622,480,470,7/24/2019
9,1623,389,381,7/24/2019
9,1624,353,346,7/24/2019
9,1625,345,338,7/24/2019
10,1599,416,408,7/19/2019
10,1600,378,370,7/19/2019
10,1578,398,390,7/19/2019
10,1579,379,371,7/19/2019
10,1580,386,378,7/19/2019
10,1601,463,454,7/19/2019
10,1581,334,327,7/19/2019
10,1582,370,362,7/19/2019
10,1583,391,383,7/19/2019
10,1584,355,348,7/19/2019
10,1585,337,330,7/19/2019
10,1586,384,376,7/19/2019
10,1587,327,320,7/19/2019
10,1588,355,348,7/19/2019
10,1589,359,351,7/19/2019
10,1590,325,318,7/19/2019
10,1591,375,367,7/19/2019
10,1592,319,312,7/19/2019
10,1593,432,423,7/19/2019
10,1594,395,387,7/19/2019
10,1595,355,348,7/19/2019
10,1596,448,439,7/19/2019
10,1597,369,361,7/19/2019
10,1598,360,352,7/19/2019
11,1554,442,433,7/10/2019
11,1555,388,380,7/10/2019
11,1556,360,352,7/10/2019
11,1557,409,401,7/10/2019
11,1558,446,437,7/10/2019
11,1559,377,369,7/10/2019
11,1560,397,389,7/10/2019
11,1561,444,435,7/10/2019
11,1562,460,451,7/10/2019
11,1563,380,372,7/10/2019
11,1564,432,423,7/10/2019
11,1565,365,357,7/10/2019
11,1566,382,374,7/10/2019
11,1567,378,370,7/10/2019
11,1568,423,414,7/10/2019
11,1569,423,414,7/10/2019
11,1570,413,405,7/10/2019
11,1571,420,411,7/10/2019
11,1572,382,374,7/10/2019
11,1573,413,405,7/10/2019
11,1574,401,393,7/10/2019
11,1575,312,305,7/10/2019
11,1576,436,427,7/10/2019
11,1577,400,392,7/10/2019
12,1530,363,355,7/2/2019
12,1531,386,378,7/2/2019
12,1532,432,423,7/2/2019
12,1533,441,432,7/2/2019
12,1534,429,420,7/2/2019
12,1535,387,379,7/2/2019
12,1536,432,423,7/2/2019
12,1537,388,380,7/2/2019
12,1538,437,428,7/2/2019
12,1539,386,378,7/2/2019
12,1540,413,405,7/2/2019
12,1541,371,363,7/2/2019
12,1542,438,429,7/2/2019
12,1543,474,465,7/2/2019
12,1544,356,349,7/2/2019
12,1545,454,445,7/2/2019
12,1546,392,384,7/2/2019
12,1547,421,412,7/2/2019
12,1548,347,340,7/2/2019
12,1549,440,431,7/2/2019
12,1550,400,392,7/2/2019
12,1551,409,401,7/2/2019
12,1552,389,381,7/2/2019
12,1553,421,412,7/2/2019
13,1506,441,432,6/25/2019
13,1507,350,343,6/25/2019
13,1508,448,439,6/25/2019
13,1509,452,443,6/25/2019
13,1510,423,414,6/25/2019
13,1511,458,449,6/25/2019
13,1512,354,347,6/25/2019
13,1513,446,437,6/25/2019
13,1514,402,394,6/25/2019
13,1515,450,441,6/25/2019
13,1516,386,378,6/25/2019
13,1517,417,408,6/25/2019
13,1518,509,499,6/25/2019
13,1519,387,379,6/25/2019
13,1520,396,388,6/25/2019
13,1521,397,389,6/25/2019
13,1522,404,396,6/25/2019
13,1523,393,385,6/25/2019
13,1524,456,447,6/25/2019
13,1525,423,414,6/25/2019
13,1526,376,368,6/25/2019
13,1527,378,370,6/25/2019
13,1528,442,433,6/25/2019
13,1529,426,417,6/25/2019
14,1482,433,424,6/2/2019
14,1483,338,331,6/2/2019
14,1484,439,430,6/2/2019
14,1485,416,408,6/2/2019
14,1486,450,441,6/2/2019
14,1487,414,406,6/2/2019
14,1488,411,403,6/2/2019
14,1489,441,432,6/2/2019
14,1490,393,385,6/2/2019
14,1491,385,377,6/2/2019
14,1492,405,397,6/2/2019
14,1493,376,368,6/2/2019
14,1494,358,350,6/2/2019
14,1495,454,445,6/2/2019
14,1496,406,398,6/2/2019
14,1497,450,441,6/2/2019
14,1498,486,476,6/2/2019
14,1499,398,390,6/2/2019
14,1500,372,364,6/2/2019
14,1501,388,380,6/2/2019
14,1502,402,394,6/2/2019
14,1503,348,341,6/2/2019
14,1504,382,374,6/2/2019
14,1505,380,372,6/2/2019
15,1458,360,352,5/19/2019
15,1459,396,388,5/19/2019
15,1460,373,365,5/19/2019
15,1461,386,378,5/19/2019
15,1462,438,429,5/19/2019
15,1463,510,500,5/19/2019
15,1464,437,428,5/19/2019
15,1465,412,404,5/19/2019
15,1466,364,356,5/19/2019
15,1467,385,377,5/19/2019
15,1468,382,374,5/19/2019
15,1469,361,353,5/19/2019
15,1470,447,438,5/19/2019
15,1471,414,406,5/19/2019
15,1472,412,404,5/19/2019
15,1473,361,353,5/19/2019
15,1474,458,449,5/19/2019
15,1475,368,360,5/19/2019
15,1476,371,363,5/19/2019
15,1477,365,357,5/19/2019
15,1478,435,426,5/19/2019
15,1479,341,334,5/19/2019
15,1480,391,383,5/19/2019
15,1481,365,357,5/19/2019
16,1434,461,452,5/4/2019
16,1435,357,350,5/4/2019
16,1436,355,348,5/4/2019
16,1437,384,376,5/4/2019
16,1438,358,350,5/4/2019
16,1439,385,377,5/4/2019
16,1440,396,388,5/4/2019
16,1441,391,383,5/4/2019
16,1442,366,358,5/4/2019
16,1443,392,384,5/4/2019
16,1444,399,391,5/4/2019
16,1445,403,395,5/4/2019
16,1446,365,357,5/4/2019
16,1447,375,367,5/4/2019
16,1448,402,394,5/4/2019
16,1449,420,411,5/4/2019
16,1450,373,365,5/4/2019
16,1451,410,402,5/4/2019
16,1452,414,406,5/4/2019
16,1453,363,355,5/4/2019
16,1454,367,359,5/4/2019
16,1455,378,370,5/4/2019
16,1456,451,442,5/4/2019
16,1457,403,395,5/4/2019
17,1410,436,427,4/27/2019
17,1411,352,345,4/27/2019
17,1412,366,358,4/27/2019
17,1413,420,411,4/27/2019
17,1414,352,345,4/27/2019
17,1415,350,343,4/27/2019
17,1416,476,466,4/27/2019
17,1417,393,385,4/27/2019
17,1418,350,343,4/27/2019
17,1419,398,390,4/27/2019
17,1420,360,352,4/27/2019
17,1421,373,365,4/27/2019
17,1422,356,349,4/27/2019
17,1423,423,414,4/27/2019
17,1424,401,393,4/27/2019
17,1425,333,326,4/27/2019
17,1426,377,369,4/27/2019
17,1427,351,344,4/27/2019
17,1428,362,354,4/27/2019
17,1429,310,303,4/27/2019
17,1430,399,391,4/27/2019
17,1431,322,315,4/27/2019
17,1432,333,326,4/27/2019
17,1433,315,308,4/27/2019
18,1386,395,387,3/2/2019
18,1387,372,364,3/2/2019
18,1388,514,504,3/2/2019
18,1389,384,376,3/2/2019
18,1390,420,411,3/2/2019
18,1391,380,372,3/2/2019
18,1392,407,399,3/2/2019
18,1393,396,388,3/2/2019
18,1394,424,415,3/2/2019
18,1395,410,402,3/2/2019
18,1396,445,436,3/2/2019
18,1397,474,465,3/2/2019
18,1398,424,415,3/2/2019
18,1399,362,354,3/2/2019
18,1400,384,376,3/2/2019
18,1401,418,409,3/2/2019
18,1402,352,345,3/2/2019
18,1403,359,351,3/2/2019
18,1404,413,405,3/2/2019
18,1405,348,341,3/2/2019
18,1406,455,446,3/2/2019
18,1407,386,378,3/2/2019
18,1408,408,400,3/2/2019
18,1409,385,377,3/2/2019
19,91378,404,396,11/12/2018
19,1379,491,481,11/12/2018
19,1380,330,323,11/12/2018
19,1381,397,389,11/12/2018
19,1382,443,434,11/12/2018
19,1383,397,389,11/12/2018
19,1384,422,413,11/12/2018
19,1385,460,451,11/12/2018
20,1355,362,354,10/20/2018
20,1356,375,367,10/20/2018
20,1357,425,416,10/20/2018
20,1358,404,396,10/20/2018
20,1359,422,413,10/20/2018
20,1360,441,432,10/20/2018
20,1361,400,392,10/20/2018
20,1362,412,404,10/20/2018
20,1363,430,421,10/20/2018
20,1364,440,431,10/20/2018
20,1365,446,437,10/20/2018
20,1366,434,425,10/20/2018
20,1367,361,353,10/20/2018
20,1368,482,472,10/20/2018
20,1369,456,447,10/20/2018
20,1370,365,357,10/20/2018
20,1371,303,296,10/20/2018
20,1372,331,324,10/20/2018
20,1373,417,408,10/20/2018
20,1374,336,329,10/20/2018
20,1375,427,418,10/20/2018
20,1376,356,349,10/20/2018
20,1377,336,329,10/20/2018
20,1378,367,359,10/20/2018
21,1331,470,461,8/3/2018
21,1332,427,418,8/3/2018
21,1333,350,343,8/3/2018
21,1334,390,382,8/3/2018
21,1335,447,438,8/3/2018
21,1336,380,372,8/3/2018
21,1337,380,372,8/3/2018
21,1338,380,372,8/3/2018
21,1339,395,387,8/3/2018
21,1340,380,372,8/3/2018
21,1341,440,431,8/3/2018
21,1342,375,367,8/3/2018
21,1343,440,431,8/3/2018
21,1344,486,476,8/3/2018
21,1345,370,362,8/3/2018
21,1346,350,343,8/3/2018
21,1347,390,382,8/3/2018
21,1348,380,372,8/3/2018
21,1349,430,421,8/3/2018
21,1350,499,489,8/3/2018
21,1351,420,411,8/3/2018
21,1352,400,392,8/3/2018
21,1353,378,370,8/3/2018
21,1354,340,333,8/3/2018
22,1307,375,367,7/26/2018
22,1308,344,337,7/26/2018
22,1309,322,315,7/26/2018
22,1310,323,316,7/26/2018
22,1311,416,408,7/26/2018
22,1312,422,413,7/26/2018
22,1313,356,349,7/26/2018
22,1314,352,345,7/26/2018
22,1315,423,414,7/26/2018
22,1316,440,431,7/26/2018
22,1317,422,413,7/26/2018
22,1318,406,398,7/26/2018
22,1319,481,471,7/26/2018
22,1320,440,431,7/26/2018
22,1321,450,441,7/26/2018
22,1322,452,443,7/26/2018
22,1323,359,351,7/26/2018
22,1324,372,364,7/26/2018
22,1325,373,365,7/26/2018
22,1326,392,384,7/26/2018
22,1327,350,343,7/26/2018
22,1328,351,344,7/26/2018
22,1329,402,394,7/26/2018
22,1330,358,350,7/26/2018
23,1283,300,293,6/26/2018
23,1284,460,451,6/26/2018
23,1285,392,384,6/26/2018
23,1286,402,394,6/26/2018
23,1287,398,390,6/26/2018
23,1288,436,427,6/26/2018
23,1289,421,412,6/26/2018
23,1290,416,408,6/26/2018
23,1291,396,388,6/26/2018
23,1292,396,388,6/26/2018
23,1293,453,444,6/26/2018
23,1294,424,415,6/26/2018
23,1295,396,388,6/26/2018
23,1296,400,392,6/26/2018
23,1297,391,383,6/26/2018
23,1298,360,352,6/26/2018
23,1299,353,346,6/26/2018
23,1300,380,372,6/26/2018
23,1301,396,388,6/26/2018
23,1302,425,416,6/26/2018
23,1303,428,419,6/26/2018
23,1304,377,369,6/26/2018
23,1305,421,412,6/26/2018
23,1306,416,408,6/26/2018
24,1278,410,402,5/27/2018
24,1279,430,421,5/27/2018
24,1280,405,397,5/27/2018
24,1281,410,402,5/27/2018
24,1282,365,357,5/27/2018
24,1259,390,382,5/27/2018
24,1260,430,421,5/27/2018
24,1261,400,392,5/27/2018
24,1262,400,392,5/27/2018
24,1263,450,441,5/27/2018
24,1264,390,382,5/27/2018
24,1265,470,461,5/27/2018
24,1266,450,441,5/27/2018
24,1267,368,360,5/27/2018
24,1268,415,407,5/27/2018
24,1269,403,395,5/27/2018
24,1270,417,408,5/27/2018
24,1271,404,396,5/27/2018
24,1272,510,500,5/27/2018
24,1273,404,396,5/27/2018
24,1274,480,470,5/27/2018
24,1275,390,382,5/27/2018
24,1276,450,441,5/27/2018
24,1277,450,441,5/27/2018
25,1235,422,413,5/5/2018
25,1236,391,383,5/5/2018
25,1237,346,339,5/5/2018
25,1238,421,412,5/5/2018
25,1239,435,426,5/5/2018
25,1240,436,427,5/5/2018
25,1241,411,403,5/5/2018
25,1242,391,383,5/5/2018
25,1243,385,377,5/5/2018
25,1244,467,458,5/5/2018
25,1245,352,345,5/5/2018
25,1246,389,381,5/5/2018
25,1247,351,344,5/5/2018
25,1248,374,366,5/5/2018
25,1249,396,388,5/5/2018
25,1250,420,411,5/5/2018
25,1251,437,428,5/5/2018
25,1252,489,479,5/5/2018
25,1253,450,441,5/5/2018
25,1254,378,370,5/5/2018
25,1255,352,345,5/5/2018
25,1256,362,354,5/5/2018
25,1257,391,383,5/5/2018
25,1258,406,398,5/5/2018
26,1211,378,370,4/28/2018
26,1212,379,371,4/28/2018
26,1213,369,361,4/28/2018
26,1214,431,422,4/28/2018
26,1215,378,370,4/28/2018
26,1216,479,469,4/28/2018
26,1217,415,407,4/28/2018
26,1218,442,433,4/28/2018
26,1219,415,407,4/28/2018
26,1220,415,407,4/28/2018
26,1221,430,421,4/28/2018
26,1222,343,336,4/28/2018
26,1223,470,461,4/28/2018
26,1224,433,424,4/28/2018
26,1225,429,420,4/28/2018
26,1226,423,414,4/28/2018
26,1227,379,371,4/28/2018
26,1228,435,426,4/28/2018
26,1229,439,430,4/28/2018
26,1230,474,465,4/28/2018
26,1231,396,388,4/28/2018
26,1232,423,414,4/28/2018
26,1233,373,365,4/28/2018
26,1234,393,385,4/28/2018
27,1187,449,440,4/21/2018
27,1188,415,407,4/21/2018
27,1189,373,365,4/21/2018
27,1190,355,348,4/21/2018
27,1191,418,409,4/21/2018
27,1192,383,375,4/21/2018
27,1193,330,323,4/21/2018
27,1194,376,368,4/21/2018
27,1195,385,377,4/21/2018
27,1196,405,397,4/21/2018
27,1197,306,299,4/21/2018
27,1198,407,399,4/21/2018
27,1199,316,309,4/21/2018
27,1200,425,416,4/21/2018
27,1201,383,375,4/21/2018
27,1202,426,417,4/21/2018
27,1203,391,383,4/21/2018
27,1204,404,396,4/21/2018
27,1205,415,407,4/21/2018
27,1206,435,426,4/21/2018
27,1207,388,380,4/21/2018
27,1208,400,392,4/21/2018
27,1209,419,410,4/21/2018
27,1210,395,387,4/21/2018
28,1179,381,373,9/17/2017
28,1180,394,386,9/17/2017
28,1181,441,432,9/17/2017
28,1182,425,416,9/17/2017
28,1183,375,367,9/17/2017
28,1184,384,376,9/17/2017
28,1185,375,367,9/17/2017
28,1186,362,354,9/17/2017
29,1153,425,416,9/17/2017
29,1154,461,452,9/17/2017
29,1155,450,441,9/17/2017
29,1156,441,432,9/17/2017
29,1157,340,333,9/17/2017
29,1158,425,416,9/17/2017
29,1159,410,402,9/17/2017
29,1160,434,425,9/17/2017
29,1161,433,424,9/17/2017
29,1162,392,384,9/17/2017
29,1163,407,399,9/17/2017
29,1164,401,393,9/17/2017
29,1165,395,387,9/17/2017
29,1166,385,377,9/17/2017
29,1167,365,357,9/17/2017
29,1168,355,348,9/17/2017
29,1169,350,343,9/17/2017
29,1170,400,392,9/17/2017
29,1171,400,392,9/17/2017
29,1172,435,426,9/17/2017
29,1173,458,449,9/17/2017
29,1174,376,368,9/17/2017
29,1175,385,377,9/17/2017
29,1176,432,423,9/17/2017
29,1177,415,407,9/17/2017
29,1178,377,369,9/17/2017
30,1129,408,400,9/7/2017
30,1130,430,421,9/7/2017
30,1131,424,415,9/7/2017
30,1132,359,351,9/7/2017
30,1133,367,359,9/7/2017
30,1134,421,412,9/7/2017
30,1135,387,379,9/7/2017
30,1136,360,352,9/7/2017
30,1137,362,354,9/7/2017
30,1138,381,373,9/7/2017
30,1139,388,380,9/7/2017
30,1140,437,428,9/7/2017
30,1141,375,367,9/7/2017
30,1142,370,362,9/7/2017
30,1143,379,371,9/7/2017
30,1144,335,328,9/7/2017
30,1145,330,323,9/7/2017
30,1146,395,387,9/7/2017
30,1147,361,353,9/7/2017
30,1148,332,325,9/7/2017
30,1149,420,411,9/7/2017
30,1150,392,384,9/7/2017
30,1151,385,377,9/7/2017
30,1152,379,371,9/7/2017
31,1105,400,392,9/3/2017
31,1106,474,465,9/3/2017
31,1107,449,440,9/3/2017
31,1108,375,367,9/3/2017
31,1109,392,384,9/3/2017
31,1110,413,405,9/3/2017
31,1111,407,399,9/3/2017
31,1112,421,412,9/3/2017
31,1113,380,372,9/3/2017
31,1114,412,404,9/3/2017
31,1115,385,377,9/3/2017
31,1116,398,390,9/3/2017
31,1117,375,367,9/3/2017
31,1118,363,355,9/3/2017
31,1119,475,466,9/3/2017
31,1120,345,338,9/3/2017
31,1121,375,367,9/3/2017
31,1122,394,386,9/3/2017
31,1123,416,408,9/3/2017
31,1124,465,456,9/3/2017
31,1125,378,370,9/3/2017
31,1126,351,344,9/3/2017
31,1127,404,396,9/3/2017
31,1128,467,458,9/3/2017
32,1100,393,385,8/17/2017
32,1101,407,399,8/17/2017
32,1102,424,415,8/17/2017
32,1103,385,377,8/17/2017
32,1104,419,410,8/17/2017
32,1081,406,398,8/17/2017
32,1082,394,386,8/17/2017
32,1083,361,353,8/17/2017
32,1084,436,427,8/17/2017
32,1085,356,349,8/17/2017
32,1086,397,389,8/17/2017
32,1087,414,406,8/17/2017
32,1088,385,377,8/17/2017
32,1089,391,383,8/17/2017
32,1090,413,405,8/17/2017
32,1091,342,335,8/17/2017
32,1092,363,355,8/17/2017
32,1093,414,406,8/17/2017
32,1094,372,364,8/17/2017
32,1095,376,368,8/17/2017
32,1096,390,382,8/17/2017
32,1097,431,422,8/17/2017
32,1098,408,400,8/17/2017
32,1099,329,322,8/17/2017
33,1069,361,353,8/10/2017
33,1070,442,433,8/10/2017
33,1071,366,358,8/10/2017
33,1072,376,368,8/10/2017
33,1073,448,439,8/10/2017
33,1074,435,426,8/10/2017
33,1075,381,373,8/10/2017
33,1076,406,398,8/10/2017
33,1077,403,395,8/10/2017
33,1078,421,412,8/10/2017
33,1079,386,378,8/10/2017
33,1080,401,393,8/10/2017
33,1057,384,376,8/10/2017
33,1058,426,417,8/10/2017
33,1059,408,400,8/10/2017
33,1060,419,410,8/10/2017
33,1061,374,366,8/10/2017
33,1062,446,437,8/10/2017
33,1063,390,382,8/10/2017
33,1064,399,391,8/10/2017
33,1065,366,358,8/10/2017
33,1066,446,437,8/10/2017
33,1067,389,381,8/10/2017
33,1068,419,410,8/10/2017
34,1033,460,451,8/3/2017
34,1034,453,444,8/3/2017
34,1035,420,411,8/3/2017
34,1036,472,463,8/3/2017
34,1037,390,382,8/3/2017
34,1038,421,412,8/3/2017
34,1039,457,448,8/3/2017
34,1040,358,350,8/3/2017
34,1041,365,357,8/3/2017
34,1042,386,378,8/3/2017
34,1043,439,430,8/3/2017
34,1044,384,376,8/3/2017
34,1045,381,373,8/3/2017
34,1046,409,401,8/3/2017
34,1047,357,350,8/3/2017
34,1048,404,396,8/3/2017
34,1049,407,399,8/3/2017
34,1050,410,402,8/3/2017
34,1051,465,456,8/3/2017
34,1052,405,397,8/3/2017
34,1053,435,426,8/3/2017
34,1054,443,434,8/3/2017
34,1055,388,380,8/3/2017
34,1056,373,365,8/3/2017
35,1009,457,448,7/26/2017
35,1010,406,398,7/26/2017
35,1011,415,407,7/26/2017
35,1012,432,423,7/26/2017
35,1013,372,364,7/26/2017
35,1014,386,378,7/26/2017
35,1015,391,383,7/26/2017
35,1016,391,383,7/26/2017
35,1017,418,409,7/26/2017
35,1018,459,450,7/26/2017
35,1019,342,335,7/26/2017
35,1020,395,387,7/26/2017
35,1021,378,370,7/26/2017
35,1022,419,410,7/26/2017
35,1023,371,363,7/26/2017
35,1024,415,407,7/26/2017
35,1025,350,343,7/26/2017
35,1026,505,495,7/26/2017
35,1027,434,425,7/26/2017
35,1028,474,465,7/26/2017
35,1029,383,375,7/26/2017
35,1030,407,399,7/26/2017
35,1031,413,405,7/26/2017
35,1032,368,360,7/26/2017
36,985,407,399,7/18/2017
36,986,391,383,7/18/2017
36,987,421,412,7/18/2017
36,988,420,411,7/18/2017
36,989,442,433,7/18/2017
36,990,388,380,7/18/2017
36,991,436,427,7/18/2017
36,992,426,417,7/18/2017
36,993,424,415,7/18/2017
36,994,418,409,7/18/2017
36,995,320,313,7/18/2017
36,996,379,371,7/18/2017
36,997,445,436,7/18/2017
36,998,335,328,7/18/2017
36,999,327,320,7/18/2017
36,1000,352,345,7/18/2017
36,1001,443,434,7/18/2017
36,1002,360,352,7/18/2017
36,1003,315,308,7/18/2017
36,1004,328,321,7/18/2017
36,1005,362,354,7/18/2017
36,1006,298,292,7/18/2017
36,1007,364,356,7/18/2017
36,1008,360,352,7/18/2017
37,961,430,421,7/13/2017
37,962,410,402,7/13/2017
37,963,387,379,7/13/2017
37,964,444,435,7/13/2017
37,965,460,451,7/13/2017
37,966,368,360,7/13/2017
37,967,356,349,7/13/2017
37,968,430,421,7/13/2017
37,969,449,440,7/13/2017
37,970,437,428,7/13/2017
37,971,437,428,7/13/2017
37,972,450,441,7/13/2017
37,973,411,403,7/13/2017
37,974,442,433,7/13/2017
37,975,441,432,7/13/2017
37,976,456,447,7/13/2017
37,977,444,435,7/13/2017
37,978,376,368,7/13/2017
37,979,447,438,7/13/2017
37,980,395,387,7/13/2017
37,981,452,443,7/13/2017
37,982,461,452,7/13/2017
37,983,464,455,7/13/2017
37,984,487,477,7/13/2017
38,958,427,418,7/6/2017
38,959,385,377,7/6/2017
38,960,383,375,7/6/2017
38,937,410,402,7/6/2017
38,938,360,352,7/6/2017
38,939,417,408,7/6/2017
38,940,392,384,7/6/2017
38,941,411,403,7/6/2017
38,942,364,356,7/6/2017
38,943,355,348,7/6/2017
38,944,383,375,7/6/2017
38,945,388,380,7/6/2017
38,946,435,426,7/6/2017
38,947,371,363,7/6/2017
38,948,386,378,7/6/2017
38,949,485,475,7/6/2017
38,950,428,419,7/6/2017
38,951,422,413,7/6/2017
38,952,397,389,7/6/2017
38,953,431,422,7/6/2017
38,954,411,403,7/6/2017
38,955,403,395,7/6/2017
38,956,349,342,7/6/2017
38,957,388,380,7/6/2017
39,913,414,406,6/29/2017
39,914,359,351,6/29/2017
39,915,433,424,6/29/2017
39,916,449,440,6/29/2017
39,917,389,381,6/29/2017
39,918,373,365,6/29/2017
39,919,446,437,6/29/2017
39,920,392,384,6/29/2017
39,921,369,361,6/29/2017
39,922,429,420,6/29/2017
39,923,430,421,6/29/2017
39,924,381,373,6/29/2017
39,925,420,411,6/29/2017
39,926,492,482,6/29/2017
39,927,353,346,6/29/2017
39,928,410,402,6/29/2017
39,929,450,441,6/29/2017
39,930,424,415,6/29/2017
39,931,421,412,6/29/2017
39,932,452,443,6/29/2017
39,933,367,359,6/29/2017
39,934,388,380,6/29/2017
39,935,429,420,6/29/2017
39,936,429,420,6/29/2017
40,898,475,466,4/29/2017
40,899,421,412,4/29/2017
40,900,440,431,4/29/2017
40,901,361,353,4/29/2017
40,902,361,353,4/29/2017
40,903,337,330,4/29/2017
40,904,470,461,4/29/2017
40,905,443,434,4/29/2017
40,906,432,423,4/29/2017
40,907,427,418,4/29/2017
40,908,396,388,4/29/2017
40,909,417,408,4/29/2017
40,910,395,387,4/29/2017
40,911,407,399,4/29/2017
40,912,445,436,4/29/2017
41,873,395,387,4/15/2017
41,874,372,364,4/15/2017
41,875,394,386,4/15/2017
41,876,356,349,4/15/2017
41,877,428,419,4/15/2017
41,0,0,-1,4/15/2017
41,878,350,343,4/15/2017
41,879,430,421,4/15/2017
41,880,410,402,4/15/2017
41,881,423,414,4/15/2017
41,882,415,407,4/15/2017
41,883,383,375,4/15/2017
41,884,422,413,4/15/2017
41,885,410,402,4/15/2017
41,886,372,364,4/15/2017
41,887,397,389,4/15/2017
41,888,434,425,4/15/2017
41,889,377,369,4/15/2017
41,890,425,416,4/15/2017
41,891,397,389,4/15/2017
41,892,397,389,4/15/2017
41,893,378,370,4/15/2017
41,894,375,367,4/15/2017
41,895,354,347,4/15/2017
41,896,390,382,4/15/2017
41,897,385,377,4/15/2017
42,848,341,334,10/21/2016
42,849,375,367,10/21/2016
42,850,365,357,10/21/2016
42,851,397,389,10/21/2016
42,852,426,417,10/21/2016
42,853,385,377,10/21/2016
42,854,381,373,10/21/2016
42,855,395,387,10/21/2016
42,856,377,369,10/21/2016
42,857,419,410,10/21/2016
42,858,400,392,10/21/2016
42,859,420,411,10/21/2016
42,860,430,421,10/21/2016
42,861,503,493,10/21/2016
42,862,357,350,10/21/2016
42,863,403,395,10/21/2016
42,864,470,461,10/21/2016
42,865,420,411,10/21/2016
42,866,335,328,10/21/2016
42,867,400,392,10/21/2016
42,0,0,-1,10/21/2016
42,868,441,432,10/21/2016
42,869,415,407,10/21/2016
42,870,418,409,10/21/2016
42,871,375,367,10/21/2016
42,872,403,395,10/21/2016
43,798,488,478,10/2/2016
43,799,435,426,10/2/2016
43,800,383,375,10/2/2016
43,801,439,430,10/2/2016
43,802,471,462,10/2/2016
43,803,376,368,10/2/2016
43,804,486,476,10/2/2016
43,805,427,418,10/2/2016
43,806,395,387,10/2/2016
43,807,430,421,10/2/2016
43,808,400,392,10/2/2016
43,809,407,399,10/2/2016
43,810,396,388,10/2/2016
43,811,495,485,10/2/2016
43,812,457,448,10/2/2016
43,813,434,425,10/2/2016
43,814,399,391,10/2/2016
43,815,427,418,10/2/2016
43,816,371,363,10/2/2016
43,817,450,441,10/2/2016
43,818,505,495,10/2/2016
43,819,499,489,10/2/2016
43,820,395,387,10/2/2016
43,821,432,423,10/2/2016
43,822,433,424,10/2/2016
44,823,395,387,10/9/2016
44,824,426,417,10/9/2016
44,825,399,391,10/9/2016
44,826,425,416,10/9/2016
44,827,344,337,10/9/2016
44,828,393,385,10/9/2016
44,829,325,318,10/9/2016
44,830,380,372,10/9/2016
44,831,480,470,10/9/2016
44,832,461,452,10/9/2016
44,833,456,447,10/9/2016
44,834,415,407,10/9/2016
44,835,426,417,10/9/2016
44,836,405,397,10/9/2016
44,837,431,422,10/9/2016
44,838,417,408,10/9/2016
44,839,499,489,10/9/2016
44,840,385,377,10/9/2016
44,841,372,364,10/9/2016
44,842,350,343,10/9/2016
44,843,366,358,10/9/2016
44,844,417,408,10/9/2016
44,845,370,362,10/9/2016
44,846,394,386,10/9/2016
44,847,333,326,10/9/2016
45,773,434,425,9/22/2016
45,774,417,408,9/22/2016
45,775,362,354,9/22/2016
45,776,361,353,9/22/2016
45,777,409,401,9/22/2016
45,778,408,400,9/22/2016
45,779,433,424,9/22/2016
45,780,402,394,9/22/2016
45,781,462,453,9/22/2016
45,782,451,442,9/22/2016
45,783,396,388,9/22/2016
45,784,423,414,9/22/2016
45,785,411,403,9/22/2016
45,786,382,374,9/22/2016
45,787,384,376,9/22/2016
45,788,377,369,9/22/2016
45,789,405,397,9/22/2016
45,790,434,425,9/22/2016
45,791,371,363,9/22/2016
45,792,412,404,9/22/2016
45,793,373,365,9/22/2016
45,794,381,373,9/22/2016
45,795,416,408,9/22/2016
45,796,433,424,9/22/2016
45,797,414,406,9/22/2016
46,748,438,429,9/16/2016
46,749,411,403,9/16/2016
46,750,458,449,9/16/2016
46,751,416,408,9/16/2016
46,752,414,406,9/16/2016
46,753,407,399,9/16/2016
46,754,390,382,9/16/2016
46,755,395,387,9/16/2016
46,756,372,364,9/16/2016
46,757,423,414,9/16/2016
46,758,422,413,9/16/2016
46,759,455,446,9/16/2016
46,760,404,396,9/16/2016
46,761,401,393,9/16/2016
46,762,441,432,9/16/2016
46,763,413,405,9/16/2016
46,764,451,442,9/16/2016
46,765,477,467,9/16/2016
46,766,467,458,9/16/2016
46,767,364,356,9/16/2016
46,768,419,410,9/16/2016
46,769,393,385,9/16/2016
46,770,389,381,9/16/2016
46,771,383,375,9/16/2016
46,772,403,395,9/16/2016
47,723,422,413,9/9/2016
47,724,466,457,9/9/2016
47,725,451,442,9/9/2016
47,726,451,442,9/9/2016
47,727,341,334,9/9/2016
47,728,408,400,9/9/2016
47,729,405,397,9/9/2016
47,730,442,433,9/9/2016
47,731,442,433,9/9/2016
47,732,416,408,9/9/2016
47,733,382,374,9/9/2016
47,734,388,380,9/9/2016
47,735,354,347,9/9/2016
47,736,389,381,9/9/2016
47,737,392,384,9/9/2016
47,738,320,313,9/9/2016
47,739,402,394,9/9/2016
47,740,394,386,9/9/2016
47,741,334,327,9/9/2016
47,742,367,359,9/9/2016
47,743,332,325,9/9/2016
47,744,365,357,9/9/2016
47,745,349,342,9/9/2016
47,746,341,334,9/9/2016
47,747,355,348,9/9/2016
48,648,376,368,8/15/2016
48,649,477,467,8/15/2016
48,650,411,403,8/15/2016
48,651,403,395,8/15/2016
48,652,396,388,8/15/2016
48,653,401,393,8/15/2016
48,654,397,389,8/15/2016
48,655,446,437,8/15/2016
48,656,394,386,8/15/2016
48,657,420,411,8/15/2016
48,658,425,416,8/15/2016
48,659,426,417,8/15/2016
48,660,392,384,8/15/2016
48,661,381,373,8/15/2016
48,662,358,350,8/15/2016
48,663,390,382,8/15/2016
48,664,412,404,8/15/2016
48,665,352,345,8/15/2016
48,666,380,372,8/15/2016
48,667,345,338,8/15/2016
48,668,297,291,8/15/2016
48,669,352,345,8/15/2016
48,670,419,410,8/15/2016
48,671,403,395,8/15/2016
48,672,356,349,8/15/2016
49,673,378,370,8/23/2016
51,673,378,370,8/23/2016
51,674,462,453,8/23/2016
51,675,438,429,8/23/2016
51,676,411,403,8/23/2016
51,677,441,432,8/23/2016
51,678,442,433,8/23/2016
51,679,426,417,8/23/2016
51,680,465,456,8/23/2016
51,681,394,386,8/23/2016
51,682,420,411,8/23/2016
51,683,444,435,8/23/2016
51,684,427,418,8/23/2016
51,685,429,420,8/23/2016
51,686,447,438,8/23/2016
51,687,427,418,8/23/2016
51,688,452,443,8/23/2016
51,689,447,438,8/23/2016
51,690,438,429,8/23/2016
51,691,405,397,8/23/2016
51,692,470,461,8/23/2016
51,693,369,361,8/23/2016
51,694,366,358,8/23/2016
51,695,376,368,8/23/2016
51,696,378,370,8/23/2016
51,697,365,357,8/23/2016
52,626,448,439,8/10/2016
52,627,415,407,8/10/2016
52,628,401,393,8/10/2016
52,629,440,431,8/10/2016
52,630,430,421,8/10/2016
52,631,315,308,8/10/2016
52,632,385,377,8/10/2016
52,633,443,434,8/10/2016
52,634,475,466,8/10/2016
52,635,418,409,8/10/2016
52,636,396,388,8/10/2016
52,637,444,435,8/10/2016
52,638,429,420,8/10/2016
52,639,375,367,8/10/2016
52,640,416,408,8/10/2016
52,641,385,377,8/10/2016
52,642,365,357,8/10/2016
52,643,352,345,8/10/2016
52,644,354,347,8/10/2016
52,645,368,360,8/10/2016
52,646,421,412,8/10/2016
52,647,392,384,8/10/2016
52,623,450,441,8/10/2016
52,624,465,456,8/10/2016
52,625,455,446,8/10/2016
53,698,370,362,9/2/2016
53,699,430,421,9/2/2016
53,700,478,468,9/2/2016
53,701,408,400,9/2/2016
53,702,437,428,9/2/2016
53,703,355,348,9/2/2016
53,704,435,426,9/2/2016
53,705,378,370,9/2/2016
53,0,0,-1,9/2/2016
53,706,408,400,9/2/2016
53,707,359,351,9/2/2016
53,708,389,381,9/2/2016
53,709,388,380,9/2/2016
53,710,395,387,9/2/2016
53,711,410,402,9/2/2016
53,712,392,384,9/2/2016
53,713,342,335,9/2/2016
53,714,380,372,9/2/2016
53,715,375,367,9/2/2016
53,716,348,341,9/2/2016
53,717,400,392,9/2/2016
53,718,353,346,9/2/2016
53,719,451,442,9/2/2016
53,720,430,421,9/2/2016
53,721,380,372,9/2/2016
53,722,382,374,9/2/2016
54,598,408,400,8/2/2016
54,599,405,397,8/2/2016
54,600,424,415,8/2/2016
54,601,365,357,8/2/2016
54,602,402,394,8/2/2016
54,603,398,390,8/2/2016
54,604,420,411,8/2/2016
54,605,417,408,8/2/2016
54,606,390,382,8/2/2016
54,607,405,397,8/2/2016
54,608,418,409,8/2/2016
54,609,426,417,8/2/2016
54,610,477,467,8/2/2016
54,611,414,406,8/2/2016
54,612,432,423,8/2/2016
54,613,427,418,8/2/2016
54,614,429,420,8/2/2016
54,615,405,397,8/2/2016
54,616,440,431,8/2/2016
54,617,485,475,8/2/2016
54,618,442,433,8/2/2016
54,619,387,379,8/2/2016
54,620,385,377,8/2/2016
54,621,429,420,8/2/2016
54,622,451,442,8/2/2016
55,573,388,380,7/27/2016
55,574,457,448,7/27/2016
55,575,416,408,7/27/2016
55,576,387,379,7/27/2016
55,577,412,404,7/27/2016
55,578,456,447,7/27/2016
55,579,391,383,7/27/2016
55,580,460,451,7/27/2016
55,581,390,382,7/27/2016
55,582,405,397,7/27/2016
55,583,371,363,7/27/2016
55,584,436,427,7/27/2016
55,585,454,445,7/27/2016
55,586,394,386,7/27/2016
55,587,429,420,7/27/2016
55,588,399,391,7/27/2016
55,589,440,431,7/27/2016
55,590,406,398,7/27/2016
55,591,362,354,7/27/2016
55,592,408,400,7/27/2016
55,593,376,368,7/27/2016
55,594,416,408,7/27/2016
55,595,431,422,7/27/2016
55,596,450,441,7/27/2016
55,597,409,401,7/27/2016
56,548,465,456,7/21/2016
56,549,407,399,7/21/2016
56,550,388,380,7/21/2016
56,551,386,378,7/21/2016
56,552,420,411,7/21/2016
56,553,399,391,7/21/2016
56,554,432,423,7/21/2016
56,555,389,381,7/21/2016
56,556,380,372,7/21/2016
56,557,448,439,7/21/2016
56,558,452,443,7/21/2016
56,559,394,386,7/21/2016
56,560,388,380,7/21/2016
56,561,429,420,7/21/2016
56,562,410,402,7/21/2016
56,563,446,437,7/21/2016
56,564,413,405,7/21/2016
56,565,396,388,7/21/2016
56,566,385,377,7/21/2016
56,567,414,406,7/21/2016
56,568,408,400,7/21/2016
56,569,429,420,7/21/2016
56,570,425,416,7/21/2016
56,571,405,397,7/21/2016
56,572,392,384,7/21/2016
57,523,429,420,7/12/2016
57,524,361,353,7/12/2016
57,525,435,426,7/12/2016
57,526,360,352,7/12/2016
57,527,472,463,7/12/2016
57,528,422,413,7/12/2016
57,529,425,416,7/12/2016
57,530,411,403,7/12/2016
57,531,406,398,7/12/2016
57,532,410,402,7/12/2016
57,533,361,353,7/12/2016
57,534,427,418,7/12/2016
57,535,402,394,7/12/2016
57,536,447,438,7/12/2016
57,537,395,387,7/12/2016
57,538,388,380,7/12/2016
57,539,419,410,7/12/2016
57,540,465,456,7/12/2016
57,541,449,440,7/12/2016
57,542,408,400,7/12/2016
57,543,424,415,7/12/2016
57,544,442,433,7/12/2016
57,545,442,433,7/12/2016
57,546,435,426,7/12/2016
57,547,424,415,7/12/2016
58,498,425,416,7/7/2016
58,499,428,419,7/7/2016
58,500,410,402,7/7/2016
58,501,379,371,7/7/2016
58,502,436,427,7/7/2016
58,503,400,392,7/7/2016
58,504,399,391,7/7/2016
58,505,406,398,7/7/2016
58,506,441,432,7/7/2016
58,507,460,451,7/7/2016
58,508,442,433,7/7/2016
58,509,410,402,7/7/2016
58,510,393,385,7/7/2016
58,511,382,374,7/7/2016
58,512,390,382,7/7/2016
58,513,515,505,7/7/2016
58,514,405,397,7/7/2016
58,515,410,402,7/7/2016
58,516,361,353,7/7/2016
58,517,436,427,7/7/2016
58,518,437,428,7/7/2016
58,519,432,423,7/7/2016
58,520,515,505,7/7/2016
58,521,410,402,7/7/2016
58,522,365,357,7/7/2016
59,472,375,367,7/1/2016
59,473,323,316,7/1/2016
59,474,320,313,7/1/2016
59,475,305,298,7/1/2016
59,476,345,338,7/1/2016
59,477,439,430,7/1/2016
59,478,393,385,7/1/2016
59,479,425,416,7/1/2016
59,480,389,381,7/1/2016
59,481,425,416,7/1/2016
59,482,427,418,7/1/2016
59,483,388,380,7/1/2016
59,484,435,426,7/1/2016
59,485,386,378,7/1/2016
59,486,335,328,7/1/2016
59,487,440,431,7/1/2016
59,488,404,396,7/1/2016
59,489,460,451,7/1/2016
59,490,424,415,7/1/2016
59,491,422,413,7/1/2016
59,492,368,360,7/1/2016
59,493,426,417,7/1/2016
59,494,432,423,7/1/2016
59,495,431,422,7/1/2016
59,496,445,436,7/1/2016
59,497,439,430,7/1/2016
60,452,460,451,11/21/2015
60,453,404,396,11/21/2015
60,454,415,407,11/21/2015
60,455,458,449,11/21/2015
60,456,415,407,11/21/2015
60,457,457,448,11/21/2015
60,458,411,403,11/21/2015
60,459,422,413,11/21/2015
60,460,451,442,11/21/2015
60,461,417,408,11/21/2015
60,462,430,421,11/21/2015
60,463,435,426,11/21/2015
60,464,409,401,11/21/2015
60,465,454,445,11/21/2015
61,466,430,421,11/22/2015
61,467,381,373,11/22/2015
61,468,403,395,11/22/2015
61,469,390,382,11/22/2015
61,470,385,377,11/22/2015
61,471,339,332,11/22/2015
62,446,406,398,10/7/2015
62,447,416,408,10/7/2015
62,448,412,404,10/7/2015
62,449,423,414,10/7/2015
62,450,438,429,10/7/2015
62,451,424,415,10/7/2015
62,427,369,361,10/7/2015
62,428,415,407,10/7/2015
62,429,404,396,10/7/2015
62,430,416,408,10/7/2015
62,431,398,390,10/7/2015
62,432,409,401,10/7/2015
62,433,393,385,10/7/2015
62,434,383,375,10/7/2015
62,435,399,391,10/7/2015
62,436,412,404,10/7/2015
62,437,370,362,10/7/2015
62,438,471,462,10/7/2015
62,439,416,408,10/7/2015
62,440,391,383,10/7/2015
62,441,418,409,10/7/2015
62,442,400,392,10/7/2015
62,443,410,402,10/7/2015
62,444,418,409,10/7/2015
62,445,428,419,10/7/2015
63,402,384,376,10/1/2015
63,403,385,377,10/1/2015
63,404,420,411,10/1/2015
63,405,376,368,10/1/2015
63,406,575,564,10/1/2015
63,407,365,357,10/1/2015
63,408,430,421,10/1/2015
63,409,415,407,10/1/2015
63,410,460,451,10/1/2015
63,411,411,403,10/1/2015
63,412,360,352,10/1/2015
63,413,375,367,10/1/2015
63,414,405,397,10/1/2015
63,415,420,411,10/1/2015
63,416,358,350,10/1/2015
63,417,395,387,10/1/2015
63,418,357,350,10/1/2015
63,419,390,382,10/1/2015
63,420,392,384,10/1/2015
63,421,482,472,10/1/2015
63,422,388,380,10/1/2015
63,423,380,372,10/1/2015
63,424,465,456,10/1/2015
63,426,450,441,10/1/2015
64,352,455,446,9/23/2015
64,353,555,544,9/23/2015
64,354,490,480,9/23/2015
64,355,469,460,9/23/2015
64,356,440,431,9/23/2015
64,357,395,387,9/23/2015
64,358,465,456,9/23/2015
64,359,491,481,9/23/2015
64,360,493,483,9/23/2015
64,361,450,441,9/23/2015
64,362,453,444,9/23/2015
64,363,490,480,9/23/2015
64,364,500,490,9/23/2015
64,365,485,475,9/23/2015
64,366,450,441,9/23/2015
64,367,493,483,9/23/2015
64,368,468,459,9/23/2015
64,369,449,440,9/23/2015
64,370,487,477,9/23/2015
64,371,450,441,9/23/2015
64,372,359,351,9/23/2015
64,373,508,498,9/23/2015
64,374,465,456,9/23/2015
64,375,440,431,9/23/2015
64,376,450,441,9/23/2015
64,377,451,442,9/23/2015
64,378,477,467,9/23/2015
64,379,412,404,9/23/2015
64,380,401,393,9/23/2015
64,381,452,443,9/23/2015
64,382,433,424,9/23/2015
64,383,447,438,9/23/2015
64,384,462,453,9/23/2015
64,385,434,425,9/23/2015
64,386,438,429,9/23/2015
64,387,411,403,9/23/2015
64,388,452,443,9/23/2015
64,389,442,433,9/23/2015
64,390,483,473,9/23/2015
64,391,423,414,9/23/2015
64,392,433,424,9/23/2015
64,393,465,456,9/23/2015
64,394,484,474,9/23/2015
64,395,455,446,9/23/2015
64,396,486,476,9/23/2015
64,397,459,450,9/23/2015
64,398,474,465,9/23/2015
64,399,421,412,9/23/2015
64,400,415,407,9/23/2015
64,401,446,437,9/23/2015
65,324,408,400,10/18/2015
65,325,415,407,10/18/2015
65,326,379,371,10/18/2015
65,327,510,500,10/18/2015
65,328,415,407,10/18/2015
65,329,402,394,10/18/2015
65,330,460,451,10/18/2015
65,331,410,402,10/18/2015
65,332,437,428,10/18/2015
65,333,425,416,10/18/2015
65,334,410,402,10/18/2015
65,335,415,407,10/18/2015
65,336,455,446,10/18/2015
65,337,445,436,10/18/2015
65,338,382,374,10/18/2015
65,339,403,395,10/18/2015
65,340,404,396,10/18/2015
65,341,385,377,10/18/2015
65,342,421,412,10/18/2015
65,343,420,411,10/18/2015
65,344,370,362,10/18/2015
65,345,400,392,10/18/2015
65,346,445,436,10/18/2015
65,347,444,435,10/18/2015
65,348,453,444,10/18/2015
65,349,386,378,10/18/2015
65,350,382,374,10/18/2015
65,351,385,377,10/18/2015
66,302,360,352,10/1/2015
66,303,375,367,10/1/2015
66,304,430,421,10/1/2015
66,305,420,411,10/1/2015
66,306,462,453,10/1/2015
66,307,354,347,10/1/2015
66,308,455,446,10/1/2015
66,309,372,364,10/1/2015
66,310,410,402,10/1/2015
66,311,415,407,10/1/2015
66,312,450,441,10/1/2015
66,313,345,338,10/1/2015
66,314,331,324,10/1/2015
66,315,340,333,10/1/2015
66,316,415,407,10/1/2015
66,317,431,422,10/1/2015
66,318,361,353,10/1/2015
66,319,410,402,10/1/2015
66,320,443,434,10/1/2015
66,321,365,357,10/1/2015
66,322,321,314,10/1/2015
66,323,340,333,10/1/2015
67,277,372,364,9/22/2015
67,278,394,386,9/22/2015
67,279,402,394,9/22/2015
67,280,439,430,9/22/2015
67,281,502,492,9/22/2015
67,282,418,409,9/22/2015
67,283,381,373,9/22/2015
67,284,420,411,9/22/2015
67,285,415,407,9/22/2015
67,286,365,357,9/22/2015
67,287,404,396,9/22/2015
67,288,345,338,9/22/2015
67,289,414,406,9/22/2015
67,290,423,414,9/22/2015
67,291,421,412,9/22/2015
67,292,398,390,9/22/2015
67,293,406,398,9/22/2015
67,294,400,392,9/22/2015
67,295,406,398,9/22/2015
67,296,450,441,9/22/2015
67,297,448,439,9/22/2015
67,298,445,436,9/22/2015
67,299,462,453,9/22/2015
67,300,431,422,9/22/2015
67,301,466,457,9/22/2015
68,252,392,384,9/17/2015
68,253,430,421,9/17/2015
68,254,372,364,9/17/2015
68,255,359,351,9/17/2015
68,256,435,426,9/17/2015
68,257,355,348,9/17/2015
68,258,452,443,9/17/2015
68,259,409,401,9/17/2015
68,260,454,445,9/17/2015
68,261,406,398,9/17/2015
68,262,413,405,9/17/2015
68,263,394,386,9/17/2015
68,264,401,393,9/17/2015
68,265,420,411,9/17/2015
68,266,417,408,9/17/2015
68,267,442,433,9/17/2015
68,268,429,420,9/17/2015
68,269,439,430,9/17/2015
68,270,401,393,9/17/2015
68,271,383,375,9/17/2015
68,272,413,405,9/17/2015
68,273,415,407,9/17/2015
68,274,398,390,9/17/2015
68,275,423,414,9/17/2015
68,276,418,409,9/17/2015
69,239,442,433,9/10/2015
69,240,412,404,9/10/2015
69,241,446,437,9/10/2015
69,242,409,401,9/10/2015
69,243,395,387,9/10/2015
69,244,431,422,9/10/2015
69,245,377,369,9/10/2015
69,246,370,362,9/10/2015
69,247,439,430,9/10/2015
69,248,412,404,9/10/2015
69,249,411,403,9/10/2015
69,250,400,392,9/10/2015
69,251,382,374,9/10/2015
69,227,394,386,9/10/2015
69,228,372,364,9/10/2015
69,229,441,432,9/10/2015
69,230,394,386,9/10/2015
69,231,488,478,9/10/2015
69,232,396,388,9/10/2015
69,233,451,442,9/10/2015
69,234,429,420,9/10/2015
69,235,418,409,9/10/2015
69,236,425,416,9/10/2015
69,237,408,400,9/10/2015
69,238,400,392,9/10/2015
70,211,451,442,8/31/2015
70,212,467,458,8/31/2015
70,213,421,412,8/31/2015
70,214,400,392,8/31/2015
70,215,405,397,8/31/2015
70,216,417,408,8/31/2015
70,217,390,382,8/31/2015
70,218,444,435,8/31/2015
70,219,381,373,8/31/2015
70,220,397,389,8/31/2015
70,221,413,405,8/31/2015
70,222,394,386,8/31/2015
70,223,407,399,8/31/2015
70,224,411,403,8/31/2015
70,225,420,411,8/31/2015
70,226,419,410,8/31/2015
70,202,415,407,8/31/2015
70,203,457,448,8/31/2015
70,204,423,414,8/31/2015
70,205,406,398,8/31/2015
70,206,406,398,8/31/2015
70,207,450,441,8/31/2015
70,208,434,425,8/31/2015
70,209,422,413,8/31/2015
70,210,441,432,8/31/2015
71,177,450,441,8/26/2015
71,178,445,436,8/26/2015
71,179,415,407,8/26/2015
71,180,458,449,8/26/2015
71,181,446,437,8/26/2015
71,182,442,433,8/26/2015
71,183,425,416,8/26/2015
71,184,449,440,8/26/2015
71,185,405,397,8/26/2015
71,186,451,442,8/26/2015
71,187,409,401,8/26/2015
71,188,416,408,8/26/2015
71,189,422,413,8/26/2015
71,190,449,440,8/26/2015
71,191,410,402,8/26/2015
71,192,386,378,8/26/2015
71,193,377,369,8/26/2015
71,194,475,466,8/26/2015
71,195,417,408,8/26/2015
71,196,399,391,8/26/2015
71,197,405,397,8/26/2015
71,198,400,392,8/26/2015
71,199,425,416,8/26/2015
71,200,401,393,8/26/2015
71,201,390,382,8/26/2015
72,133,411,403,8/22/2015
72,134,482,472,8/22/2015
72,135,425,416,8/22/2015
72,136,431,422,8/22/2015
72,137,444,435,8/22/2015
72,138,477,467,8/22/2015
72,139,450,441,8/22/2015
72,140,410,402,8/22/2015
72,141,345,338,8/22/2015
72,142,452,443,8/22/2015
72,143,430,421,8/22/2015
72,144,380,372,8/22/2015
72,145,432,423,8/22/2015
72,146,367,359,8/22/2015
72,147,480,470,8/22/2015
72,148,330,323,8/22/2015
72,149,447,438,8/22/2015
72,150,460,451,8/22/2015
72,151,420,411,8/22/2015
72,152,400,392,8/22/2015
72,153,440,431,8/22/2015
72,154,480,470,8/22/2015
72,155,504,494,8/22/2015
72,156,505,495,8/22/2015
72,157,505,495,8/22/2015
72,158,432,423,8/22/2015
72,159,460,451,8/22/2015
72,160,485,475,8/22/2015
72,161,466,457,8/22/2015
72,162,442,433,8/22/2015
72,163,479,469,8/22/2015
72,164,405,397,8/22/2015
72,165,423,414,8/22/2015
72,166,425,416,8/22/2015
72,167,460,451,8/22/2015
72,168,446,437,8/22/2015
72,169,457,448,8/22/2015
72,170,423,414,8/22/2015
72,171,471,462,8/22/2015
72,172,382,374,8/22/2015
72,173,447,438,8/22/2015
72,174,421,412,8/22/2015
72,175,415,407,8/22/2015
72,176,385,377,8/22/2015
73,128,409,401,8/17/2015
73,129,400,392,8/17/2015
73,130,383,375,8/17/2015
73,131,474,465,8/17/2015
73,106,399,391,8/17/2015
73,107,394,386,8/17/2015
73,108,412,404,8/17/2015
73,109,411,403,8/17/2015
73,110,374,366,8/17/2015
73,111,406,398,8/17/2015
73,112,373,365,8/17/2015
73,113,440,431,8/17/2015
73,114,399,391,8/17/2015
73,115,389,381,8/17/2015
73,116,430,421,8/17/2015
73,117,414,406,8/17/2015
73,118,394,386,8/17/2015
73,119,458,449,8/17/2015
73,120,420,411,8/17/2015
73,121,433,424,8/17/2015
73,122,420,411,8/17/2015
73,123,431,422,8/17/2015
73,124,432,423,8/17/2015
73,125,405,397,8/17/2015
73,126,403,395,8/17/2015
73,127,402,394,8/17/2015
74,49,420,411,8/4/2015
74,50,379,371,8/4/2015
74,51,470,461,8/4/2015
74,52,449,440,8/4/2015
74,53,407,399,8/4/2015
74,54,424,415,8/4/2015
74,55,457,448,8/4/2015
74,56,427,418,8/4/2015
74,57,472,463,8/4/2015
74,58,492,482,8/4/2015
74,59,447,438,8/4/2015
74,60,460,451,8/4/2015
74,61,445,436,8/4/2015
74,62,420,411,8/4/2015
74,63,416,408,8/4/2015
74,64,464,455,8/4/2015
74,65,452,443,8/4/2015
74,66,451,442,8/4/2015
74,67,499,489,8/4/2015
74,68,429,420,8/4/2015
74,69,451,442,8/4/2015
74,70,440,431,8/4/2015
74,71,449,440,8/4/2015
74,72,454,445,8/4/2015
74,73,471,462,8/4/2015
75,74,350,343,8/11/2015
75,75,435,426,8/11/2015
75,76,410,402,8/11/2015
75,77,442,433,8/11/2015
75,78,421,412,8/11/2015
75,79,389,381,8/11/2015
75,80,425,416,8/11/2015
75,81,461,452,8/11/2015
75,82,411,403,8/11/2015
75,83,438,429,8/11/2015
75,84,421,412,8/11/2015
75,85,450,441,8/11/2015
75,86,438,429,8/11/2015
75,87,435,426,8/11/2015
75,88,463,454,8/11/2015
75,89,416,408,8/11/2015
75,90,442,433,8/11/2015
75,91,409,401,8/11/2015
75,92,422,413,8/11/2015
75,93,437,428,8/11/2015
75,94,426,417,8/11/2015
75,95,385,377,8/11/2015
75,96,447,438,8/11/2015
75,97,367,359,8/11/2015
75,98,422,413,8/11/2015
75,99,428,419,8/11/2015
76,1,365,357,7/14/2015
76,2,407,399,7/14/2015
76,3,381,373,7/14/2015
76,4,409,401,7/14/2015
76,5,411,403,7/14/2015
76,6,388,380,7/14/2015
76,7,460,451,7/14/2015
76,8,398,390,7/14/2015
76,9,400,392,7/14/2015
76,10,416,408,7/14/2015
76,11,457,448,7/14/2015
76,12,340,333,7/14/2015
76,13,372,364,7/14/2015
76,14,428,419,7/14/2015
76,15,353,346,7/14/2015
76,16,376,368,7/14/2015
76,17,450,441,7/14/2015
76,18,376,368,7/14/2015
76,19,345,338,7/14/2015
76,20,414,406,7/14/2015
76,21,371,363,7/14/2015
76,22,384,376,7/14/2015
76,23,335,328,7/14/2015
77,24,416,408,7/28/2015
77,25,339,332,7/28/2015
77,26,355,348,7/28/2015
77,27,327,320,7/28/2015
77,28,355,348,7/28/2015
77,29,325,318,7/28/2015
77,30,405,397,7/28/2015
77,31,340,333,7/28/2015
77,32,398,390,7/28/2015
77,33,380,372,7/28/2015
77,34,400,392,7/28/2015
77,35,440,431,7/28/2015
77,36,365,357,7/28/2015
77,37,337,330,7/28/2015
77,38,409,401,7/28/2015
77,39,450,441,7/28/2015
77,40,330,323,7/28/2015
77,41,415,407,7/28/2015
77,42,376,368,7/28/2015
77,43,440,431,7/28/2015
77,44,431,422,7/28/2015
77,45,372,364,7/28/2015
77,46,335,328,7/28/2015
77,47,380,372,7/28/2015
77,48,375,367,7/28/2015
78,1745,421,412,12/8/2019
78,1746,359,351,12/8/2019
78,1747,347,340,12/8/2019
78,1748,366,358,12/8/2019
78,1749,400,392,12/8/2019
78,1750,397,389,12/8/2019
78,1751,371,363,12/8/2019
78,1752,416,408,12/8/2019
78,1753,368,360,12/8/2019
78,1754,350,343,12/8/2019
78,1755,374,366,12/8/2019
78,1756,362,354,12/8/2019
78,1757,357,350,12/8/2019
78,1734,452,443,12/8/2019
78,1735,347,340,12/8/2019
78,1736,435,426,12/8/2019
78,1737,381,373,12/8/2019
78,1738,405,397,12/8/2019
78,1739,371,363,12/8/2019
78,1740,390,382,12/8/2019
78,1741,369,361,12/8/2019
78,1742,366,358,12/8/2019
78,1743,377,369,12/8/2019
78,1744,453,444,12/8/2019
79,1788,396,388,2/20/2020
79,1789,391,383,2/20/2020
79,1790,424,415,2/20/2020
79,1791,422,413,2/20/2020
79,1792,412,404,2/20/2020
79,1793,482,472,2/20/2020
79,1794,431,422,2/20/2020
79,1795,328,321,2/20/2020
79,1796,367,359,2/20/2020
79,1797,363,355,2/20/2020
79,1798,421,412,2/20/2020
79,1799,380,372,2/20/2020
79,1800,403,395,2/20/2020
79,1801,385,377,2/20/2020
79,1802,375,367,2/20/2020
79,1803,375,367,2/20/2020
79,1804,409,401,2/20/2020
79,1805,395,387,2/20/2020
80,1764,381,373,2/13/2020
80,1765,422,413,2/13/2020
80,1766,462,453,2/13/2020
80,1767,433,424,2/13/2020
80,1768,418,409,2/13/2020
80,1769,430,421,2/13/2020
80,1770,432,423,2/13/2020
80,1771,455,446,2/13/2020
80,1772,399,391,2/13/2020
80,1773,404,396,2/13/2020
80,1774,402,394,2/13/2020
80,1775,327,320,2/13/2020
80,1776,358,350,2/13/2020
80,1777,442,433,2/13/2020
80,1778,338,331,2/13/2020
80,1779,388,380,2/13/2020
80,1780,435,426,2/13/2020
80,1781,336,329,2/13/2020
80,1782,398,390,2/13/2020
80,1783,346,339,2/13/2020
80,1784,377,369,2/13/2020
80,1785,374,366,2/13/2020
80,1786,376,368,2/13/2020
80,1787,414,406,2/13/2020
81,1758,441,432,2/4/2020
81,1759,396,388,2/4/2020
81,1760,411,403,2/4/2020
81,1761,408,400,2/4/2020
81,1762,390,382,2/4/2020
81,1763,343,336,2/4/2020
82,1806,411,403,3/14/2020
82,1807,384,376,3/14/2020
82,1808,410,402,3/14/2020
82,1809,393,385,3/14/2020
82,1810,410,402,3/14/2020
82,1811,380,372,3/14/2020
82,1812,447,438,3/14/2020
82,1813,423,414,3/14/2020
82,1814,394,386,3/14/2020
82,1815,420,411,3/14/2020
82,1816,356,349,3/14/2020
82,1817,400,392,3/14/2020
82,1818,440,431,3/14/2020
82,1819,398,390,3/14/2020
82,1820,423,414,3/14/2020
82,1821,386,378,3/14/2020
82,1822,346,339,3/14/2020
82,1823,348,341,3/14/2020
82,1824,319,312,3/14/2020
82,1825,346,339,3/14/2020
82,1826,343,336,3/14/2020
82,1827,397,389,3/14/2020
82,1828,329,322,3/14/2020
82,1829,386,378,3/14/2020
83,1830,391,383,5/10/2020
83,1831,385,377,5/10/2020
83,1832,387,379,5/10/2020
83,1833,415,407,5/10/2020
83,1834,441,432,5/10/2020
83,1835,435,426,5/10/2020
83,1836,381,373,5/10/2020
83,1837,389,381,5/10/2020
83,1838,435,426,5/10/2020
83,1839,414,406,5/10/2020
83,1840,392,384,5/10/2020
83,1841,358,350,5/10/2020
83,1842,402,394,5/10/2020
83,1843,414,406,5/10/2020
83,1844,391,383,5/10/2020
83,1845,403,395,5/10/2020
83,1846,375,367,5/10/2020
83,1847,423,414,5/10/2020
83,1848,427,418,5/10/2020
83,1849,374,366,5/10/2020
83,1850,361,353,5/10/2020
83,1851,365,357,5/10/2020
83,1852,363,355,5/10/2020
83,1853,378,370,5/10/2020
84,1854,421,412,6/17/2020
84,1855,366,358,6/17/2020
84,1856,442,433,6/17/2020
84,1857,384,376,6/17/2020
84,1858,444,435,6/17/2020
84,1859,436,427,6/17/2020
84,1860,448,439,6/17/2020
84,1861,488,478,6/17/2020
84,1862,398,390,6/17/2020
84,1863,401,393,6/17/2020
84,1864,403,395,6/17/2020
84,1865,401,393,6/17/2020
84,1866,475,466,6/17/2020
84,1867,479,469,6/17/2020
84,1868,408,400,6/17/2020
84,1869,382,374,6/17/2020
84,1870,340,333,6/17/2020
84,1871,364,356,6/17/2020
84,1872,442,433,6/17/2020
84,1873,382,374,6/17/2020
84,1874,447,438,6/17/2020
84,1875,372,364,6/17/2020
84,1876,447,438,6/17/2020
84,1877,408,400,6/17/2020
85,1878,397,389,6/24/2020
85,1879,275,269,6/24/2020
85,1880,385,377,6/24/2020
85,1881,428,419,6/24/2020
85,1882,506,496,6/24/2020
85,1883,463,454,6/24/2020
85,1884,390,382,6/24/2020
85,1885,435,426,6/24/2020
85,1886,380,372,6/24/2020
85,1887,417,408,6/24/2020
85,1888,402,394,6/24/2020
85,1889,378,370,6/24/2020
85,1890,391,383,6/24/2020
85,1891,384,376,6/24/2020
85,1892,397,389,6/24/2020
85,1893,411,403,6/24/2020
85,1894,376,368,6/24/2020
85,1895,442,433,6/24/2020
85,1896,459,450,6/24/2020
85,1897,433,424,6/24/2020
85,1898,405,397,6/24/2020
85,1899,434,425,6/24/2020
85,1900,398,390,6/24/2020
85,1901,456,447,6/24/2020
86,1925,430,421,7/8/2020
86,1926,428,419,7/8/2020
86,1927,433,424,7/8/2020
86,1928,372,364,7/8/2020
86,1929,459,450,7/8/2020
86,1930,372,364,7/8/2020
86,1931,385,377,7/8/2020
86,1932,385,377,7/8/2020
86,1933,438,429,7/8/2020
86,1934,414,406,7/8/2020
86,1935,419,410,7/8/2020
86,1936,466,457,7/8/2020
86,1937,435,426,7/8/2020
86,1938,411,403,7/8/2020
86,1939,350,343,7/8/2020
86,1940,391,383,7/8/2020
86,1941,367,359,7/8/2020
86,1942,379,371,7/8/2020
86,1943,421,412,7/8/2020
86,1944,381,373,7/8/2020
86,1945,312,305,7/8/2020
86,1946,378,370,7/8/2020
86,1947,333,326,7/8/2020
86,1948,429,420,7/8/2020
87,1973,339,332,7/28/2020
87,1974,291,285,7/28/2020
87,1975,432,423,7/28/2020
87,1976,392,384,7/28/2020
87,1977,449,440,7/28/2020
87,1978,384,376,7/28/2020
87,1979,414,406,7/28/2020
87,1980,464,455,7/28/2020
87,1981,371,363,7/28/2020
87,1982,371,363,7/28/2020
87,1983,475,466,7/28/2020
87,1984,357,350,7/28/2020
87,1985,395,387,7/28/2020
87,1986,366,358,7/28/2020
87,1987,304,297,7/28/2020
87,1988,426,417,7/28/2020
87,1989,402,394,7/28/2020
87,1990,395,387,7/28/2020
87,1991,395,387,7/28/2020
87,1992,354,347,7/28/2020
87,1993,375,367,7/28/2020
87,1994,310,303,7/28/2020
87,1995,451,442,7/28/2020
87,1996,306,299,7/28/2020
88,1949,484,474,7/24/2020
88,1950,488,478,7/24/2020
88,1951,383,375,7/24/2020
88,1952,416,408,7/24/2020
88,1953,369,361,7/24/2020
88,1954,396,388,7/24/2020
88,1955,412,404,7/24/2020
88,1956,377,369,7/24/2020
88,1957,430,421,7/24/2020
88,1958,405,397,7/24/2020
88,1959,417,408,7/24/2020
88,1960,332,325,7/24/2020
88,1961,355,348,7/24/2020
88,1962,342,335,7/24/2020
88,1963,339,332,7/24/2020
88,1964,408,400,7/24/2020
88,1965,455,446,7/24/2020
88,1966,396,388,7/24/2020
88,1967,416,408,7/24/2020
88,1968,407,399,7/24/2020
88,1969,449,440,7/24/2020
88,1970,410,402,7/24/2020
88,1971,354,347,7/24/2020
88,1972,434,425,7/24/2020
89,1902,411,403,6/30/2020
89,1903,354,347,6/30/2020
89,1904,384,376,6/30/2020
89,1905,398,390,6/30/2020
89,1906,392,384,6/30/2020
89,1907,319,312,6/30/2020
89,1908,387,379,6/30/2020
89,1909,417,408,6/30/2020
89,1910,444,435,6/30/2020
89,1911,347,340,6/30/2020
89,1912,361,353,6/30/2020
89,1913,361,353,6/30/2020
89,1914,387,379,6/30/2020
89,1915,382,374,6/30/2020
89,1916,356,349,6/30/2020
89,1917,352,345,6/30/2020
89,1918,396,388,6/30/2020
89,1919,318,311,6/30/2020
89,1920,306,299,6/30/2020
89,1921,400,392,6/30/2020
89,1922,321,314,6/30/2020
89,1923,320,313,6/30/2020
89,1924,338,331,6/30/2020
90,2021,482,472,8/18/2020
90,2022,422,413,8/18/2020
90,2023,376,368,8/18/2020
90,2024,382,374,8/18/2020
90,2025,381,373,8/18/2020
90,2026,393,385,8/18/2020
90,2027,364,356,8/18/2020
90,2028,408,400,8/18/2020
90,2029,435,426,8/18/2020
90,2030,448,439,8/18/2020
90,2031,379,371,8/18/2020
90,2032,361,353,8/18/2020
90,2033,428,419,8/18/2020
90,2034,368,360,8/18/2020
90,2035,372,364,8/18/2020
90,2036,429,420,8/18/2020
90,2037,405,397,8/18/2020
90,2038,455,446,8/18/2020
90,2039,404,396,8/18/2020
90,2040,464,455,8/18/2020
90,2041,452,443,8/18/2020
90,2042,367,359,8/18/2020
90,2043,426,417,8/18/2020
90,2044,415,407,8/18/2020
91,1997,416,408,8/10/2020
91,1998,381,373,8/10/2020
91,1999,374,366,8/10/2020
91,2000,319,312,8/10/2020
91,2001,430,421,8/10/2020
91,2002,428,419,8/10/2020
91,2003,479,469,8/10/2020
91,2004,373,365,8/10/2020
91,2005,375,367,8/10/2020
91,2006,419,410,8/10/2020
91,2007,479,469,8/10/2020
91,2008,338,331,8/10/2020
91,2009,421,412,8/10/2020
91,2010,404,396,8/10/2020
91,2011,438,429,8/10/2020
91,2012,352,345,8/10/2020
91,2013,356,349,8/10/2020
91,2014,349,342,8/10/2020
91,2015,411,403,8/10/2020
91,2016,435,426,8/10/2020
91,2017,418,409,8/10/2020
91,2018,327,320,8/10/2020
91,2019,444,435,8/10/2020
91,2020,421,412,8/10/2020
92,2045,447,438,8/27/2020
92,2046,427,418,8/27/2020
92,2047,404,396,8/27/2020
92,2048,434,425,8/27/2020
92,2050,424,415,8/27/2020
92,2051,458,449,8/27/2020
92,2052,436,427,8/27/2020
92,2053,405,397,8/27/2020
92,2054,395,387,8/27/2020
92,2055,405,397,8/27/2020
92,2056,377,369,8/27/2020
92,2057,416,408,8/27/2020
92,2058,432,423,8/27/2020
92,2059,412,404,8/27/2020
92,2060,349,342,8/27/2020
92,2061,416,408,8/27/2020
92,2062,438,429,8/27/2020
92,2063,413,405,8/27/2020
92,2064,397,389,8/27/2020
92,2065,392,384,8/27/2020
92,2066,423,414,8/27/2020
92,2067,375,367,8/27/2020
92,2068,425,416,8/27/2020
92,2049,463,454,8/27/2020
93,2069,370,362,9/16/2020
93,2070,451,442,9/16/2020
93,2071,390,382,9/16/2020
93,2072,371,363,9/16/2020
93,2073,399,391,9/16/2020
93,2074,403,395,9/16/2020
93,2075,382,374,9/16/2020
93,2076,394,386,9/16/2020
93,2077,406,398,9/16/2020
93,2078,444,435,9/16/2020
93,2079,432,423,9/16/2020
93,2080,358,350,9/16/2020
93,2081,403,395,9/16/2020
93,2082,382,374,9/16/2020
93,2083,453,444,9/16/2020
93,2084,394,386,9/16/2020
93,2085,412,404,9/16/2020
93,2086,337,330,9/16/2020
93,2087,436,427,9/16/2020
93,2088,439,430,9/16/2020
93,2089,381,373,9/16/2020
93,2090,379,371,9/16/2020
93,2091,311,304,9/16/2020
93,2092,312,305,9/16/2020
94,2109,349,342,10/30/2020
94,2110,366,358,10/30/2020
94,2111,363,355,10/30/2020
94,2112,352,345,10/30/2020
94,2113,377,369,10/30/2020
94,2114,419,410,10/30/2020
94,2115,420,411,10/30/2020
94,2116,442,433,10/30/2020
94,2093,386,378,10/30/2020
94,2094,385,377,10/30/2020
94,2095,376,368,10/30/2020
94,2096,359,351,10/30/2020
94,2097,431,422,10/30/2020
94,2098,414,406,10/30/2020
94,2099,383,375,10/30/2020
94,2100,425,416,10/30/2020
94,2101,328,321,10/30/2020
94,2102,330,323,10/30/2020
94,2103,359,351,10/30/2020
94,2104,411,403,10/30/2020
94,2105,408,400,10/30/2020
94,2106,341,334,10/30/2020
94,2107,342,335,10/30/2020
94,2108,373,365,10/30/2020
